{
    "train": {
        "loss": [
            1.7801246756315232,
            1.161677076369524,
            0.9877982051670551,
            0.8884719495475292,
            0.8272787892818451,
            0.7826998397707939,
            0.7436202166974545,
            0.706831201761961,
            0.6707693675160408,
            0.6367018572986126,
            0.5979140673577785,
            0.5672562276571989,
            0.5418303009867668,
            0.5133822311460972,
            0.4869168651849031,
            0.46257035367190835,
            0.44326395623385906,
            0.422345625013113,
            0.3991301215067506,
            0.384423115439713,
            0.35334606017917397,
            0.339673959761858,
            0.3150641891732812,
            0.29396560095250607,
            0.27192851234227416,
            0.24879594780504705,
            0.22560171041637658,
            0.20083435196429492,
            0.17726508589461445,
            0.15146969487890602,
            0.12976601872593163,
            0.10632476969622076,
            0.08506306231254712,
            0.06894203284056857,
            0.051526120849885046,
            0.04080033040838316,
            0.03581135522108525,
            0.030239477411378175,
            0.025132374201202765,
            0.023701007224153726
        ],
        "acc": [
            0.421725,
            0.5899,
            0.652675,
            0.6887500000000001,
            0.70885,
            0.7247,
            0.7377750000000001,
            0.7533000000000001,
            0.7666000000000001,
            0.7782250000000001,
            0.791625,
            0.8023750000000001,
            0.811725,
            0.8226,
            0.831925,
            0.8393750000000001,
            0.846375,
            0.8538,
            0.8612500000000001,
            0.8666250000000001,
            0.8762500000000001,
            0.8815000000000001,
            0.889375,
            0.8963500000000001,
            0.9049250000000001,
            0.9146500000000001,
            0.921725,
            0.9303250000000001,
            0.9387000000000001,
            0.948975,
            0.9566250000000001,
            0.96455,
            0.9718,
            0.9784,
            0.9843000000000001,
            0.9886250000000001,
            0.990425,
            0.9923000000000001,
            0.9938,
            0.9944500000000001
        ]
    },
    "valid": {
        "loss": [
            1.267927485704422,
            1.019921961426735,
            0.9250773447751999,
            0.8441910946369171,
            0.8546288007497788,
            0.8054321950674057,
            0.7562162387371063,
            0.7623142832517624,
            0.6933151826262474,
            0.6899307641386986,
            0.6163764175772667,
            0.675662780702114,
            0.6157719752192498,
            0.6304393038153648,
            0.5739351686835289,
            0.5374721202254296,
            0.4938835561275482,
            0.4993563005328178,
            0.49058017194271086,
            0.4634372916817665,
            0.46508255407214166,
            0.5106456932425499,
            0.4982844117283821,
            0.44128491312265394,
            0.44906575977802277,
            0.4250520426034927,
            0.409938618093729,
            0.43052264481782915,
            0.4387370000779629,
            0.3906415617465973,
            0.40671371743083,
            0.37229795068502425,
            0.35091262497007847,
            0.349403376057744,
            0.33924590177834035,
            0.3351218555867672,
            0.3259148830920458,
            0.3226347423344851,
            0.3230603285878897,
            0.3222723302990198
        ],
        "acc": [
            0.5452,
            0.6436000000000001,
            0.6708000000000001,
            0.7028,
            0.7009000000000001,
            0.7223,
            0.737,
            0.7352000000000001,
            0.7506,
            0.7561,
            0.786,
            0.7648,
            0.7896000000000001,
            0.7839,
            0.8019000000000001,
            0.8192,
            0.8292,
            0.8280000000000001,
            0.8311000000000001,
            0.8443,
            0.8403,
            0.8340000000000001,
            0.8352,
            0.8506,
            0.8560000000000001,
            0.8646,
            0.8694000000000001,
            0.864,
            0.8627,
            0.884,
            0.8781,
            0.8913000000000001,
            0.8997,
            0.9009,
            0.9075000000000001,
            0.9082,
            0.9101,
            0.9115000000000001,
            0.9118,
            0.9124
        ]
    },
    "bast_acc": 0.9124
}