{
    "train": {
        "loss": [
            1.7801246756315232,
            1.158763251155615,
            0.9733889511227608,
            0.8597034205496311,
            0.7768292215466499,
            0.6965754448622465,
            0.6113881996273994,
            0.5271829157322645,
            0.44393108386546376,
            0.37686013653874395
        ],
        "acc": [
            0.421725,
            0.589275,
            0.6589,
            0.699725,
            0.7250500000000001,
            0.7539750000000001,
            0.7876500000000001,
            0.815525,
            0.8461500000000001,
            0.8707750000000001
        ]
    },
    "valid": {
        "loss": [
            1.267927485704422,
            1.0238693106174468,
            0.9426778036355973,
            0.8214948534965515,
            0.778287079334259,
            0.7774284434318542,
            0.6507893726229668,
            0.6039429551362991,
            0.5359682285785675,
            0.4914390090107918
        ],
        "acc": [
            0.5452,
            0.6423,
            0.664,
            0.7088,
            0.7259,
            0.7316,
            0.7738,
            0.7908000000000001,
            0.8163,
            0.8288000000000001
        ]
    },
    "bast_acc": 0.8288000000000001
}