{
    "train": {
        "loss": [
            1388169062318.119,
            1238318532526.08,
            1040989568040.96,
            953979677081.6,
            806335676497.92,
            673369260851.2,
            602046919557.12,
            495000928174.08,
            431395568926.72,
            349626940129.28,
            300670850457.6,
            253780392263.68,
            223229956259.84,
            179000322027.52,
            159208480378.88,
            134449961328.64,
            113270702796.8,
            102117464002.56,
            88107206635.52,
            76856685332.48,
            69371221534.72,
            61505344593.92,
            55643042539.52,
            49334169845.76,
            45965423825.92,
            41855765795.84,
            38678164628.48,
            35579778042.88,
            32964338329.6,
            31450618147.84,
            29086866350.08,
            28040159016.96,
            26372154659.84,
            24780975605.76,
            23595333135.36,
            22298795819.52,
            21149402065.92,
            20215284526.08,
            18997247032.32,
            17118378611.2
        ],
        "acc": [
            0.09870000000000001,
            0.10015,
            0.099775,
            0.09805,
            0.09897500000000001,
            0.09882500000000001,
            0.09870000000000001,
            0.101275,
            0.100525,
            0.09915,
            0.09765,
            0.100125,
            0.09807500000000001,
            0.10057500000000001,
            0.10005,
            0.0983,
            0.099625,
            0.09845000000000001,
            0.10035000000000001,
            0.09972500000000001,
            0.098125,
            0.09945000000000001,
            0.09955,
            0.099675,
            0.1018,
            0.10272500000000001,
            0.09997500000000001,
            0.1013,
            0.10115,
            0.0995,
            0.10115,
            0.0999,
            0.09905,
            0.0975,
            0.09770000000000001,
            0.10097500000000001,
            0.09855,
            0.101325,
            0.09982500000000001,
            0.10125
        ]
    },
    "valid": {
        "loss": [
            434942459904.0,
            472527462072.32,
            459725242368.0,
            655830701178.88,
            285656150179.84,
            355087030845.44,
            187296672481.28,
            240425035366.4,
            161421983006.72,
            141029671321.6,
            175435709317.12,
            85088106741.76,
            123092122009.6,
            67284314030.08,
            78763868364.8,
            88061047767.04,
            43279035760.64,
            38081379000.32,
            45538122465.28,
            34216626892.8,
            37853169254.4,
            40359511511.04,
            27537804124.16,
            7406021079.04,
            17369374648.32,
            13827794073.6,
            12259266549.76,
            11095792640.0,
            12273374689.28,
            9405390161.92,
            10494124144.64,
            6721023365.12,
            8181499038.72,
            6067731328.0,
            3922452270.08,
            4107606927.36,
            4527674424.32,
            3404275120.64,
            969518485.12,
            614747060.16
        ],
        "acc": [
            0.1,
            0.1,
            0.1,
            0.1,
            0.1,
            0.1,
            0.1,
            0.1,
            0.1,
            0.1,
            0.1,
            0.1,
            0.1,
            0.1,
            0.1,
            0.1,
            0.1,
            0.1,
            0.1,
            0.1,
            0.1,
            0.1,
            0.1,
            0.1,
            0.1,
            0.1,
            0.1,
            0.1,
            0.1,
            0.1,
            0.1,
            0.1,
            0.1,
            0.1,
            0.1,
            0.1,
            0.1,
            0.1,
            0.1,
            0.1
        ]
    },
    "bast_acc": 0.1
}