{
    "train": {
        "loss": [
            2.5145680004358293,
            1.7948712104558944,
            1.4630834636092187,
            1.2978753283619882,
            1.1790426598489285,
            1.0817280508577825,
            1.013134715259075,
            0.955928058475256,
            0.9064457094669343,
            0.8764838840067387
        ],
        "acc": [
            0.4073,
            0.54715,
            0.64985,
            0.708225,
            0.75455,
            0.7946000000000001,
            0.8247500000000001,
            0.848875,
            0.867,
            0.8787750000000001
        ]
    },
    "valid": {
        "loss": [
            1.4521772861480713,
            1.1320705962181092,
            0.8944965559244156,
            0.7476760500669479,
            0.649661445915699,
            0.5637913355231285,
            0.5141580054163932,
            0.453759765625,
            0.42194862216711043,
            0.40769505470991135
        ],
        "acc": [
            0.4808,
            0.6011000000000001,
            0.6868000000000001,
            0.7429,
            0.7792,
            0.8071,
            0.8304,
            0.8504,
            0.8609,
            0.8636
        ]
    },
    "bast_acc": 0.8636
}