{
    "train": {
        "loss": [
            212426452075.53107,
            194552739553.28,
            164788965335.04,
            144780732682.24,
            137783366430.72,
            121754693918.72,
            106002507632.64,
            90376425144.32,
            79192745113.6,
            70498911150.08,
            57452505564.16,
            48723561615.36,
            42288569472.0,
            35904286510.08,
            31426726174.72,
            28297673223.68,
            22826650129.92,
            19970461862.4,
            17501736878.08,
            15550386903.04,
            13540829852.16,
            11912347490.56,
            10597575499.52,
            9620694890.24,
            8651568549.12,
            8071218145.28,
            7361709733.12,
            6839564291.2,
            6048865714.56,
            5574592170.24,
            5170941640.32,
            4988146362.88,
            4499218039.68,
            4197181356.16,
            3983559450.88,
            3705249247.36,
            3346293384.32,
            3017987523.84,
            2762187180.16,
            2495880022.4
        ],
        "acc": [
            0.09897500000000001,
            0.10020000000000001,
            0.09970000000000001,
            0.100625,
            0.10032500000000001,
            0.098775,
            0.10035000000000001,
            0.10115,
            0.102525,
            0.10185000000000001,
            0.0994,
            0.1033,
            0.100125,
            0.1004,
            0.0995,
            0.10010000000000001,
            0.0998,
            0.10175000000000001,
            0.1019,
            0.09970000000000001,
            0.10022500000000001,
            0.10122500000000001,
            0.10015,
            0.09820000000000001,
            0.09957500000000001,
            0.09932500000000001,
            0.09970000000000001,
            0.09982500000000001,
            0.10020000000000001,
            0.1015,
            0.10045000000000001,
            0.101275,
            0.09955,
            0.10072500000000001,
            0.099175,
            0.10135000000000001,
            0.09865,
            0.10185000000000001,
            0.10015,
            0.097875
        ]
    },
    "valid": {
        "loss": [
            104570233077.76,
            72783956131.84,
            120496259891.2,
            76420377190.4,
            94120153784.32,
            70854381445.12,
            65273264701.44,
            57004360908.8,
            60347655086.08,
            27800935997.44,
            51080761712.64,
            47234712535.04,
            19576828395.52,
            14011405957.12,
            17139362078.72,
            17050464378.88,
            8973752053.76,
            13481488527.36,
            8968281876.48,
            7885313213.44,
            9134510801.92,
            6618327280.64,
            6175107512.32,
            5380084682.24,
            5076493324.8,
            3810060208.64,
            6329213742.08,
            3634896949.76,
            3670340567.04,
            1925957551.36,
            2031240815.36,
            2463761872.64,
            2207294425.6,
            1488187577.6,
            1201659855.36,
            1012094788.48,
            913411170.56,
            439811952.64,
            286682174.4,
            142901761.92
        ],
        "acc": [
            0.1,
            0.1,
            0.1,
            0.1,
            0.1,
            0.1,
            0.1,
            0.1,
            0.1,
            0.1,
            0.1,
            0.1,
            0.1,
            0.1,
            0.1,
            0.1,
            0.1,
            0.1,
            0.1,
            0.1,
            0.1,
            0.1,
            0.1,
            0.1,
            0.1,
            0.1,
            0.1,
            0.1,
            0.1,
            0.1,
            0.1,
            0.1,
            0.1,
            0.1,
            0.1,
            0.1,
            0.1,
            0.1,
            0.1,
            0.1
        ]
    },
    "bast_acc": 0.1
}