{
    "train": {
        "loss": [
            2.460144679546356,
            1.8380864223837852,
            1.4828320279717446,
            1.3334875905513763,
            1.226720442175865,
            1.143216886073351,
            1.0879587817192078,
            1.0400848282873632,
            1.007101334631443,
            0.9782370576262474,
            0.9523935256898404,
            0.9360054020583629,
            0.9129344794154167,
            0.8946542589366436,
            0.8811867918074131,
            0.8603909292817116,
            0.8427577911317349,
            0.8307866394519806,
            0.8121635457873344,
            0.793435121178627,
            0.7719929890334606,
            0.7489931534230709,
            0.7283532670140267,
            0.7080004208534956,
            0.6708676129579544,
            0.6486940501630306,
            0.6126193594187498,
            0.5841515901684761,
            0.5545339899510145,
            0.5214202038943767,
            0.49994196500629184,
            0.4600027909874916,
            0.4243713952228427,
            0.40237318206578493,
            0.37427470583468675,
            0.35313853424042463,
            0.34429029101505876,
            0.32553540870547293,
            0.321387193351984,
            0.323389780074358
        ],
        "acc": [
            0.41575,
            0.541075,
            0.637,
            0.692625,
            0.732125,
            0.770525,
            0.7908000000000001,
            0.813975,
            0.8252,
            0.837825,
            0.8504750000000001,
            0.8578,
            0.8659250000000001,
            0.87595,
            0.8804500000000001,
            0.8903000000000001,
            0.89525,
            0.90205,
            0.9072250000000001,
            0.91535,
            0.9219,
            0.9275500000000001,
            0.9334,
            0.9385,
            0.9449500000000001,
            0.9510500000000001,
            0.9564250000000001,
            0.9603,
            0.965775,
            0.9691000000000001,
            0.973275,
            0.976875,
            0.9801500000000001,
            0.9830500000000001,
            0.984925,
            0.9875250000000001,
            0.988225,
            0.9883500000000001,
            0.990275,
            0.99065
        ]
    },
    "valid": {
        "loss": [
            1.4400563538074493,
            1.1786134535074233,
            0.9239510881900788,
            0.8153208023309708,
            0.7225047689676285,
            0.6109700971841812,
            0.5881700146198273,
            0.525190287232399,
            0.5045918095111847,
            0.4767277505993843,
            0.44830943137407303,
            0.42926729887723925,
            0.40018758475780486,
            0.39233459636569024,
            0.39602348625659944,
            0.3661262819170952,
            0.3584240293502808,
            0.36161029055714605,
            0.34682958856225016,
            0.34021327435970306,
            0.32639218017458915,
            0.32740021765232086,
            0.31776577517390253,
            0.319452753663063,
            0.308858662545681,
            0.2975172191858292,
            0.28863464906811714,
            0.28707566946744917,
            0.2788172933459282,
            0.29032652989029883,
            0.2644778951257467,
            0.2615790566056967,
            0.25530583448708055,
            0.25065952554345133,
            0.24784892551600934,
            0.2455843935161829,
            0.2454489792138338,
            0.24527925223112107,
            0.24548414386808873,
            0.24269073575735092
        ],
        "acc": [
            0.49000000000000005,
            0.5784,
            0.6747000000000001,
            0.7106,
            0.7467,
            0.7902,
            0.7995,
            0.8222,
            0.8315,
            0.8425,
            0.8499,
            0.8598,
            0.8692000000000001,
            0.8694000000000001,
            0.8667,
            0.8787,
            0.8827,
            0.883,
            0.8896000000000001,
            0.8874000000000001,
            0.8925000000000001,
            0.895,
            0.8947,
            0.8947,
            0.8955000000000001,
            0.9025000000000001,
            0.9067000000000001,
            0.9071,
            0.9117000000000001,
            0.9068,
            0.9156000000000001,
            0.9159,
            0.9206000000000001,
            0.9205000000000001,
            0.9226000000000001,
            0.9233,
            0.9239,
            0.9235000000000001,
            0.9251,
            0.9242
        ]
    },
    "bast_acc": 0.9251
}