{
    "train": {
        "loss": [
            2.316426306962967,
            1.926107656955719,
            1.7456294417381286,
            1.5876258581876754,
            1.4404589384794235,
            1.3082103297114371,
            1.194568146765232,
            1.093383564054966,
            1.0090033993124963,
            0.9370118103921413,
            0.8784493044018745,
            0.8322000458836556,
            0.7861711852252483,
            0.7552253752946854,
            0.716544084250927,
            0.6877793684601784,
            0.665686683356762,
            0.6446951910853386,
            0.6191532902419568,
            0.5993130393326283,
            0.5802000802010298,
            0.5575227074325084,
            0.5374969821423292,
            0.5144095107913017,
            0.49819129072129725,
            0.4817834232002497,
            0.4604236725717783,
            0.4480694975703955,
            0.42485905401408675,
            0.41233405359089376,
            0.39630518183112146,
            0.3772643592208624,
            0.3641780253499746,
            0.35623318813741206,
            0.3435874769464135,
            0.3351576663553715,
            0.3260540124028921,
            0.31847097668796776,
            0.3171435952186584,
            0.3146524626761675
        ],
        "acc": [
            0.42245000000000005,
            0.54335,
            0.59845,
            0.6410250000000001,
            0.6782250000000001,
            0.71475,
            0.7436750000000001,
            0.76875,
            0.79405,
            0.8137500000000001,
            0.83035,
            0.84465,
            0.8576250000000001,
            0.8697,
            0.882375,
            0.891725,
            0.90085,
            0.906625,
            0.915625,
            0.9243,
            0.93015,
            0.9377500000000001,
            0.944725,
            0.950125,
            0.956025,
            0.9596,
            0.9655750000000001,
            0.9690000000000001,
            0.973125,
            0.9759500000000001,
            0.97965,
            0.982325,
            0.9855,
            0.986425,
            0.9866250000000001,
            0.9877750000000001,
            0.9890500000000001,
            0.9890500000000001,
            0.98965,
            0.9897750000000001
        ]
    },
    "valid": {
        "loss": [
            1.4063411355018616,
            1.2107859909534455,
            1.072076031565666,
            0.9606251984834671,
            0.889756178855896,
            0.7824214577674866,
            0.7105266332626343,
            0.6647437244653702,
            0.6126942813396454,
            0.5718548789620399,
            0.5372421592473984,
            0.5193106234073639,
            0.48197000175714494,
            0.45368497669696806,
            0.44578138589859007,
            0.431066070497036,
            0.41699086874723434,
            0.4057321146130562,
            0.38836983889341353,
            0.38190953284502027,
            0.3709426045417786,
            0.36538427621126174,
            0.3574989676475525,
            0.3507352113723755,
            0.3452964976429939,
            0.3404735907912254,
            0.34156315177679064,
            0.3258896231651306,
            0.32567644864320755,
            0.3235419437289238,
            0.32112944275140765,
            0.3175328284502029,
            0.3157288931310177,
            0.3151815392076969,
            0.313340375572443,
            0.31331812813878057,
            0.31163163483142853,
            0.3091405600309372,
            0.308868183940649,
            0.30896961838006975
        ],
        "acc": [
            0.5017,
            0.5707,
            0.6218,
            0.6662,
            0.6861,
            0.7249,
            0.7522000000000001,
            0.7659,
            0.7853,
            0.8048000000000001,
            0.8148000000000001,
            0.8173,
            0.8362,
            0.8456,
            0.8474,
            0.8519,
            0.8538,
            0.8558,
            0.8664000000000001,
            0.8681000000000001,
            0.873,
            0.8724000000000001,
            0.8753000000000001,
            0.8778,
            0.881,
            0.8804000000000001,
            0.8834000000000001,
            0.8879,
            0.8908,
            0.8896000000000001,
            0.8913000000000001,
            0.8927,
            0.8967,
            0.8949,
            0.8963000000000001,
            0.8972,
            0.8978,
            0.8993,
            0.8995000000000001,
            0.8985000000000001
        ]
    },
    "bast_acc": 0.8995000000000001
}