{
    "train": {
        "loss": [
            3.277313973605633,
            2.078661332130432,
            1.8227067223191262,
            1.7244783183932304,
            1.7050073873996734,
            1.6018938755989074,
            1.5194546908140183,
            1.4640164837241172,
            1.4179380851984025,
            1.3867953249812126
        ],
        "acc": [
            0.374425,
            0.512125,
            0.59325,
            0.6523,
            0.6943750000000001,
            0.7332000000000001,
            0.7664500000000001,
            0.7899,
            0.8089000000000001,
            0.8195250000000001
        ]
    },
    "valid": {
        "loss": [
            1.5153856706619262,
            1.2652012014389038,
            1.1199172192811966,
            0.9686398649215698,
            0.8478947848081588,
            0.745977321267128,
            0.6799405655264854,
            0.6202191326022148,
            0.588356956243515,
            0.5711918804049492
        ],
        "acc": [
            0.4571,
            0.5539000000000001,
            0.6105,
            0.6666000000000001,
            0.7125,
            0.7508,
            0.7722,
            0.7909,
            0.8035,
            0.8087000000000001
        ]
    },
    "bast_acc": 0.8087000000000001
}