{
    "train": {
        "loss": [
            2.5184284916520117,
            1.8170440316200256,
            1.4457632541656493,
            1.2911160066723824,
            1.1858843450248242,
            1.1063024903833867,
            1.0433626036345958,
            0.9890254504978657,
            0.9456256297230721,
            0.9187648846209049
        ],
        "acc": [
            0.4167,
            0.5593750000000001,
            0.6515000000000001,
            0.70925,
            0.7491,
            0.7854500000000001,
            0.81355,
            0.838125,
            0.8590500000000001,
            0.86905
        ]
    },
    "valid": {
        "loss": [
            1.3957228207588195,
            1.1094143629074096,
            0.8901058334112167,
            0.7868052607774735,
            0.6852686074376106,
            0.6103165999054909,
            0.5471912229061127,
            0.5072157299518585,
            0.474838889837265,
            0.46038890928030013
        ],
        "acc": [
            0.5008,
            0.6137,
            0.6957,
            0.7235,
            0.7651,
            0.789,
            0.8124,
            0.8261000000000001,
            0.8386,
            0.8409000000000001
        ]
    },
    "bast_acc": 0.8409000000000001
}