{
    "train": {
        "loss": [
            4.309877130389213,
            3.640385442972183,
            3.2879580169916154,
            3.0270068436861037,
            2.8091764241456985,
            2.6355282455682754,
            2.4946047574281693,
            2.3816353231668472,
            2.2682151079177855,
            2.153484712541103,
            2.0532576009631156,
            1.9652036368846892,
            1.8939478367567062,
            1.8373580038547517,
            1.7738095730543137,
            1.7199586927890778,
            1.670078694820404,
            1.6236614897847175,
            1.5621687814593315,
            1.5198827981948853,
            1.4790964916348457,
            1.4397997558116913,
            1.3806583449244498,
            1.327004286646843,
            1.2858406156301498,
            1.2427589267492294,
            1.2075676992535591,
            1.1674402058124542,
            1.1381066106259823,
            1.108335331082344,
            1.0786564983427525,
            1.0454647362232208,
            1.011242602020502,
            1.001218931376934,
            0.9739788115024567,
            0.9494679071009159,
            0.936967919766903,
            0.9252625048160553,
            0.9138202100992203,
            0.9039633750915528
        ],
        "acc": [
            0.155625,
            0.2766,
            0.33990000000000004,
            0.38815,
            0.435375,
            0.47790000000000005,
            0.51195,
            0.542475,
            0.5696,
            0.5994,
            0.625225,
            0.652375,
            0.6741750000000001,
            0.6943750000000001,
            0.71425,
            0.730975,
            0.7498750000000001,
            0.7695500000000001,
            0.78515,
            0.8041750000000001,
            0.8180000000000001,
            0.8304250000000001,
            0.847175,
            0.862925,
            0.8772500000000001,
            0.8912,
            0.90125,
            0.9117500000000001,
            0.9212250000000001,
            0.92725,
            0.9342,
            0.9408000000000001,
            0.94755,
            0.9498000000000001,
            0.9534250000000001,
            0.95735,
            0.958875,
            0.9596250000000001,
            0.96135,
            0.9625
        ]
    },
    "valid": {
        "loss": [
            3.239682948589325,
            2.7888419389724732,
            2.561350440979004,
            2.368862748146057,
            2.199081063270569,
            2.0817401111125946,
            1.9874784409999848,
            1.902290141582489,
            1.831991684436798,
            1.7579398453235626,
            1.6956314742565155,
            1.631956434249878,
            1.6133364856243133,
            1.586463725566864,
            1.5407442986965179,
            1.5281655371189118,
            1.5228002429008485,
            1.4826131165027618,
            1.4752523303031921,
            1.455759233236313,
            1.4888724207878112,
            1.441313761472702,
            1.4268212735652923,
            1.4008815288543701,
            1.3964319109916687,
            1.3913786351680755,
            1.3782871544361115,
            1.3682880640029906,
            1.3588428378105164,
            1.3471666395664215,
            1.3352180063724517,
            1.3296558499336242,
            1.3283674836158752,
            1.3211170613765717,
            1.3117063522338868,
            1.3103376150131225,
            1.3052867889404296,
            1.303663432598114,
            1.3029101014137268,
            1.304335755109787
        ],
        "acc": [
            0.21400000000000002,
            0.30770000000000003,
            0.34400000000000003,
            0.3896,
            0.4224,
            0.4587,
            0.4736,
            0.4934,
            0.5118,
            0.5327000000000001,
            0.546,
            0.5584,
            0.5656,
            0.5722,
            0.5843,
            0.5885,
            0.5883,
            0.598,
            0.6073000000000001,
            0.6101,
            0.6014,
            0.6094,
            0.6143000000000001,
            0.6178,
            0.6225,
            0.6237,
            0.6302,
            0.632,
            0.6388,
            0.6394000000000001,
            0.6461,
            0.6461,
            0.6431,
            0.6453,
            0.6466000000000001,
            0.6491,
            0.6501,
            0.6517000000000001,
            0.6525000000000001,
            0.651
        ]
    },
    "bast_acc": 0.6525000000000001
}