{
    "train": {
        "loss": [
            4.321220043301582,
            3.640889373421669,
            3.2852956533432005,
            3.0180974274873735,
            2.796891513466835,
            2.611481264233589,
            2.4616673558950426,
            2.3332484155893325,
            2.221385845541954,
            2.105150265991688,
            2.0299127742648126,
            1.9363427609205246,
            1.8617246448993683,
            1.7901018783450127,
            1.732912939786911,
            1.681029286980629,
            1.6313865393400193,
            1.5898298412561416,
            1.5493591979146004,
            1.4959247455000877,
            1.4545179277658462,
            1.4045351877808572,
            1.3495910570025444,
            1.3122466146945952,
            1.2528838157653808,
            1.2088400170207023,
            1.1681241527199746,
            1.1384410090744495,
            1.1047249414026736,
            1.075312329083681,
            1.0453982710838319,
            1.0179341927170753,
            0.9892216503620148,
            0.9629917129874229,
            0.9429225414991379,
            0.9208981305360794,
            0.9108316630125046,
            0.897532082349062,
            0.8820858165621758,
            0.8784047663211823
        ],
        "acc": [
            0.15335000000000001,
            0.27542500000000003,
            0.34142500000000003,
            0.39430000000000004,
            0.439025,
            0.483325,
            0.518675,
            0.55055,
            0.58135,
            0.6087,
            0.632225,
            0.655775,
            0.6803,
            0.701275,
            0.721325,
            0.74085,
            0.7577,
            0.7736500000000001,
            0.789825,
            0.8082250000000001,
            0.82365,
            0.840275,
            0.8546750000000001,
            0.8672000000000001,
            0.884225,
            0.89605,
            0.909,
            0.916625,
            0.9255,
            0.93305,
            0.939525,
            0.9455250000000001,
            0.9512250000000001,
            0.9558500000000001,
            0.9583750000000001,
            0.9609500000000001,
            0.962175,
            0.96445,
            0.9646,
            0.9654750000000001
        ]
    },
    "valid": {
        "loss": [
            3.2670814871788023,
            2.797274923324585,
            2.555582785606384,
            2.3516858220100403,
            2.163825011253357,
            2.0501451075077055,
            1.962755513191223,
            1.8760128319263458,
            1.7627096831798554,
            1.716113567352295,
            1.67242893576622,
            1.6047916114330292,
            1.5658775568008423,
            1.5413757622241975,
            1.51612988114357,
            1.4866073727607727,
            1.4628821551799773,
            1.4544735193252563,
            1.4578161597251893,
            1.4337655127048492,
            1.4198138058185577,
            1.3938920497894287,
            1.4009469330310822,
            1.3863709628582002,
            1.3483706951141357,
            1.3407410383224487,
            1.32513986825943,
            1.3299984455108642,
            1.3227125346660613,
            1.3116898357868194,
            1.3119318306446075,
            1.3060508489608764,
            1.3021402895450591,
            1.2958101987838746,
            1.297937798500061,
            1.2885848760604859,
            1.284984254837036,
            1.2822300314903259,
            1.2832182824611664,
            1.2826149582862854
        ],
        "acc": [
            0.2087,
            0.30160000000000003,
            0.35450000000000004,
            0.39680000000000004,
            0.43510000000000004,
            0.4592,
            0.47800000000000004,
            0.5051,
            0.5263,
            0.5346000000000001,
            0.5451,
            0.5612,
            0.5754,
            0.5830000000000001,
            0.5835,
            0.5945,
            0.6038,
            0.6055,
            0.6042000000000001,
            0.6067,
            0.6158,
            0.6225,
            0.6187,
            0.6248,
            0.6349,
            0.6364000000000001,
            0.6364000000000001,
            0.6404000000000001,
            0.6434000000000001,
            0.6446000000000001,
            0.6432,
            0.6454000000000001,
            0.6476000000000001,
            0.649,
            0.6486000000000001,
            0.6507000000000001,
            0.6512,
            0.6521,
            0.651,
            0.6521
        ]
    },
    "bast_acc": 0.6521
}