{
    "train": {
        "loss": [
            4.299282214045524,
            3.6375980615615844,
            3.293526920676231,
            3.024545741081238,
            2.819244331121445,
            2.640533423423767,
            2.47925808429718,
            2.3408410280942915,
            2.228313925862312,
            2.1392254009842873,
            2.0506287693977354,
            1.9595799297094345,
            1.883841210603714,
            1.8179068461060524,
            1.7626253053545953,
            1.7037421271204949,
            1.6593008905649185,
            1.6084669545292853,
            1.560133731365204,
            1.5098728567361832,
            1.466998353600502,
            1.4236881986260415,
            1.3612302213907241,
            1.316599079966545,
            1.2688734620809554,
            1.2275098994374276,
            1.1877459228038787,
            1.1541163936257361,
            1.125318019837141,
            1.085709321498871,
            1.0538432590663434,
            1.0261728949844837,
            1.0013111293315888,
            0.9796247385442257,
            0.9520179778337479,
            0.9426723785698414,
            0.931974820047617,
            0.9141347847878933,
            0.9005987703800201,
            0.8912211127579213
        ],
        "acc": [
            0.154975,
            0.2748,
            0.338175,
            0.391075,
            0.435525,
            0.4766,
            0.5125000000000001,
            0.548525,
            0.5775,
            0.6028,
            0.6308750000000001,
            0.6495000000000001,
            0.673525,
            0.694625,
            0.714325,
            0.73595,
            0.7494500000000001,
            0.766575,
            0.78395,
            0.8028000000000001,
            0.8192250000000001,
            0.83045,
            0.8515750000000001,
            0.86455,
            0.88015,
            0.8896000000000001,
            0.90375,
            0.9123,
            0.9214,
            0.9289000000000001,
            0.93615,
            0.9431,
            0.946725,
            0.951175,
            0.954675,
            0.9571000000000001,
            0.958175,
            0.9606250000000001,
            0.9620000000000001,
            0.9639500000000001
        ]
    },
    "valid": {
        "loss": [
            3.2320389986038207,
            2.773515152931213,
            2.548836421966553,
            2.3405850887298585,
            2.1895917534828184,
            2.0864003777503966,
            1.9710139811038971,
            1.8785051882266999,
            1.799390971660614,
            1.757705134153366,
            1.7125300824642182,
            1.672119140625,
            1.6259020268917084,
            1.5945724666118621,
            1.5752800703048706,
            1.5409202337265016,
            1.5213981866836548,
            1.4797745943069458,
            1.4779989063739776,
            1.4498040199279785,
            1.451670277118683,
            1.4337575078010558,
            1.4260391354560853,
            1.3984429597854615,
            1.3795140266418457,
            1.3720101118087769,
            1.3533040523529052,
            1.356484067440033,
            1.3405665159225464,
            1.333811616897583,
            1.321493262052536,
            1.321307158470154,
            1.3138153195381164,
            1.3089581429958344,
            1.3034004092216491,
            1.3011113226413726,
            1.2978714227676391,
            1.2969222724437715,
            1.2954489469528199,
            1.2949472188949585
        ],
        "acc": [
            0.21930000000000002,
            0.3099,
            0.34600000000000003,
            0.39280000000000004,
            0.4274,
            0.45030000000000003,
            0.4787,
            0.5008,
            0.5196000000000001,
            0.532,
            0.5406000000000001,
            0.5494,
            0.5602,
            0.5679000000000001,
            0.5735,
            0.5802,
            0.5897,
            0.6007,
            0.5996,
            0.6101,
            0.6111,
            0.616,
            0.6142000000000001,
            0.6238,
            0.6294000000000001,
            0.6352,
            0.6365000000000001,
            0.6341,
            0.6398,
            0.6388,
            0.6442,
            0.6481,
            0.6459,
            0.6489,
            0.6511,
            0.6512,
            0.6525000000000001,
            0.6538,
            0.6552,
            0.6549
        ]
    },
    "bast_acc": 0.6552
}