{
    "train": {
        "loss": [
            4.766287770271301,
            3.8912125492095946,
            3.521237270832062,
            3.300045037269592,
            3.1422480273246767,
            3.0214981770515443,
            2.9368942546844483,
            2.8335221910476687,
            2.7772265338897704,
            2.721291711330414,
            2.666163568496704,
            2.622040580511093,
            2.5646378588676453,
            2.525459040403366,
            2.503831663131714,
            2.4666255724430086,
            2.431204445362091,
            2.4265000092983247,
            2.3650808346271517,
            2.3816320872306824,
            2.352915608882904,
            2.303963938951492,
            2.315766063928604,
            2.3026156640052795,
            2.273204826116562,
            2.2450162839889525,
            2.2353252685070037,
            2.2092186212539673,
            2.191175938844681,
            2.1810135674476623,
            2.1381733095645905,
            2.1560323250293734,
            2.1433371353149413,
            2.13311687707901,
            2.12023451089859,
            2.1337512159347534,
            2.119178720712662,
            2.1260774326324463,
            2.0781729090213776,
            2.095144460201263,
            2.092193355560303,
            2.0845370900630953,
            2.0764723098278046,
            2.095648294687271,
            2.0889372754096986,
            2.058291380405426,
            2.0661801111698153,
            2.081776556968689,
            2.0851191842556,
            2.0947443830966948
        ],
        "acc": [
            0.12242000000000001,
            0.28262000000000004,
            0.35772000000000004,
            0.40796000000000004,
            0.44528,
            0.47066,
            0.49466000000000004,
            0.51522,
            0.53202,
            0.54964,
            0.56542,
            0.5781400000000001,
            0.5875600000000001,
            0.60228,
            0.6122200000000001,
            0.6238600000000001,
            0.6290600000000001,
            0.6410600000000001,
            0.6466200000000001,
            0.65798,
            0.6680600000000001,
            0.6743800000000001,
            0.6821200000000001,
            0.6859200000000001,
            0.69508,
            0.7002,
            0.7058800000000001,
            0.7114,
            0.7193200000000001,
            0.72404,
            0.72672,
            0.7315200000000001,
            0.73614,
            0.73946,
            0.74294,
            0.74424,
            0.7479,
            0.74892,
            0.7527400000000001,
            0.7545200000000001,
            0.7562200000000001,
            0.75778,
            0.75802,
            0.7604200000000001,
            0.7618800000000001,
            0.7614000000000001,
            0.7617,
            0.76368,
            0.7622000000000001,
            0.7622000000000001
        ]
    },
    "valid": {
        "loss": [
            3.365739130973816,
            2.7163392543792724,
            2.3824412345886232,
            2.2302982330322267,
            2.1118387460708616,
            2.06836576461792,
            1.9939646899700165,
            1.9485986530780792,
            1.8830465614795684,
            1.8481221795082092,
            1.8182141542434693,
            1.7776738166809083,
            1.7575249195098877,
            1.7550317347049713,
            1.6889174222946166,
            1.714250236749649,
            1.675239670276642,
            1.6885471761226654,
            1.670219260454178,
            1.6579777479171753,
            1.6492023050785065,
            1.6435118198394776,
            1.636903703212738,
            1.6247569739818573,
            1.6226035714149476,
            1.6166532635688782,
            1.5954248368740083,
            1.5862434327602386,
            1.5803535103797912,
            1.5778927385807038,
            1.586922550201416,
            1.5796505570411683,
            1.5683004081249237,
            1.5547261595726014,
            1.5668262600898744,
            1.5550291240215302,
            1.5774511039257049,
            1.5571449518203735,
            1.5591450452804565,
            1.5593821465969087,
            1.5553346991539,
            1.558861893415451,
            1.5636806309223175,
            1.562658953666687,
            1.5465190947055816,
            1.5547604978084564,
            1.542631334066391,
            1.5584035992622376,
            1.555874663591385,
            1.549371701478958
        ],
        "acc": [
            0.2199,
            0.3266,
            0.3821,
            0.4181,
            0.44260000000000005,
            0.45430000000000004,
            0.4662,
            0.47900000000000004,
            0.49000000000000005,
            0.5014000000000001,
            0.5095000000000001,
            0.5175000000000001,
            0.5198,
            0.5245000000000001,
            0.5355,
            0.5359,
            0.54,
            0.5401,
            0.5436,
            0.5479,
            0.5508000000000001,
            0.5527000000000001,
            0.5525,
            0.5544,
            0.5561,
            0.5564,
            0.5585,
            0.5605,
            0.5641,
            0.5662,
            0.5588000000000001,
            0.5616,
            0.5656,
            0.5686,
            0.5649000000000001,
            0.5687,
            0.5650000000000001,
            0.5694,
            0.5702,
            0.5697,
            0.5700000000000001,
            0.5693,
            0.5692,
            0.5707,
            0.5740000000000001,
            0.5695,
            0.5727,
            0.5682,
            0.5698,
            0.5697
        ]
    },
    "bast_acc": 0.5740000000000001
}