{
    "train": {
        "loss": [
            1.7425330102443695,
            1.1567666184902192,
            1.0332738013565541,
            0.9363887213170529,
            0.8645722472667694,
            0.8004100905358791,
            0.7494039349257946,
            0.6957507202774287,
            0.6463258877396584,
            0.6087870078533888,
            0.5677730011940002,
            0.5476871127635241,
            0.5200641819834709,
            0.5071925174444913,
            0.48120514340698717,
            0.46602019280195234,
            0.45037591364234686,
            0.43492855709046124,
            0.41727064315229656,
            0.39891073770821095,
            0.38875792097300294,
            0.36970604211091995,
            0.3586148204281926,
            0.3427512215450406,
            0.32994927700608967,
            0.3153570358082652,
            0.30103281121701003,
            0.2812625982053578,
            0.2698775849863887,
            0.2541620677150786,
            0.23963071912527084,
            0.21632440784946083,
            0.2002283125370741,
            0.18550915306434035,
            0.16980008509010078,
            0.14552923885174096,
            0.12998378357850016,
            0.11036465348675847,
            0.09713255004025996,
            0.0799709970364347,
            0.062178985869977624,
            0.05008575032232329,
            0.04204293321818113,
            0.031658081606728956,
            0.02545763988397084,
            0.02189696084416937,
            0.019756733101094142,
            0.017291353592299857,
            0.016451151542714797,
            0.017210838528699243
        ],
        "acc": [
            0.44135,
            0.58965,
            0.6349250000000001,
            0.6713250000000001,
            0.6943750000000001,
            0.717825,
            0.7366,
            0.75685,
            0.77385,
            0.790775,
            0.8028500000000001,
            0.808825,
            0.8194750000000001,
            0.823625,
            0.8338,
            0.838775,
            0.8434250000000001,
            0.8485,
            0.856225,
            0.859325,
            0.8639,
            0.8716250000000001,
            0.875625,
            0.8803000000000001,
            0.88385,
            0.8888,
            0.894675,
            0.903325,
            0.905325,
            0.909625,
            0.9163250000000001,
            0.9244,
            0.930875,
            0.9348500000000001,
            0.9400000000000001,
            0.95065,
            0.9548500000000001,
            0.96165,
            0.96735,
            0.972925,
            0.9794750000000001,
            0.9845,
            0.9868,
            0.990475,
            0.9926,
            0.994225,
            0.9947250000000001,
            0.99585,
            0.9963000000000001,
            0.996025
        ]
    },
    "valid": {
        "loss": [
            1.2481515872478486,
            1.050997444987297,
            1.0155303633213044,
            1.016925978064537,
            0.8422973436117173,
            1.086011426448822,
            0.7617343315482139,
            0.7471497988700867,
            0.6999902653694153,
            0.6082106876373291,
            0.7499426007270813,
            0.6068198007345199,
            0.5926225355267525,
            0.5152433928847313,
            0.5281329634785652,
            0.5066799104213715,
            0.49860266655683516,
            0.4555380594730377,
            0.6400995960831642,
            0.4957057031989098,
            0.44571340695023537,
            0.5290845760703087,
            0.43127222537994386,
            0.4109080570936203,
            0.42239329308271406,
            0.3851679204404354,
            0.48377387076616285,
            0.39704630747437475,
            0.3865639291703701,
            0.3478730104863644,
            0.3606143870949745,
            0.3906067238748074,
            0.35914646700024605,
            0.372626690864563,
            0.33746362030506133,
            0.3764346942305565,
            0.3296602372825146,
            0.30401536330580714,
            0.3284712278842926,
            0.2890003290772438,
            0.2775245852023363,
            0.289268187507987,
            0.28575798392295837,
            0.28312496982514856,
            0.2766090865433216,
            0.28037957958877086,
            0.27946436442434786,
            0.27462544698268176,
            0.274060687944293,
            0.2761353221535683
        ],
        "acc": [
            0.5586,
            0.628,
            0.6436000000000001,
            0.6416000000000001,
            0.7070000000000001,
            0.6324000000000001,
            0.7334,
            0.7381000000000001,
            0.7631,
            0.7896000000000001,
            0.748,
            0.7955,
            0.7986000000000001,
            0.8229000000000001,
            0.8236,
            0.8289000000000001,
            0.8311000000000001,
            0.8410000000000001,
            0.7853,
            0.8340000000000001,
            0.8477,
            0.8191,
            0.8564,
            0.8627,
            0.8577,
            0.8674000000000001,
            0.8413,
            0.8703000000000001,
            0.8737,
            0.8842000000000001,
            0.8799,
            0.875,
            0.8823000000000001,
            0.88,
            0.8869,
            0.8887,
            0.8961,
            0.9065000000000001,
            0.901,
            0.9125000000000001,
            0.9193,
            0.914,
            0.9174,
            0.9185000000000001,
            0.9209,
            0.9216000000000001,
            0.9224,
            0.9232,
            0.9237000000000001,
            0.9236000000000001
        ]
    },
    "bast_acc": 0.9237000000000001
}