{
    "train": {
        "loss": [
            1.8110570901632308,
            1.181143631786108,
            1.0032935433089734,
            0.8838720828294754,
            0.7842403998970986,
            0.6962682839483023,
            0.6070823702961207,
            0.5179100298136473,
            0.42973731849342583,
            0.36727382004261017
        ],
        "acc": [
            0.41985,
            0.5809000000000001,
            0.6450750000000001,
            0.6878500000000001,
            0.72395,
            0.7546,
            0.787,
            0.819775,
            0.85245,
            0.8739
        ]
    },
    "valid": {
        "loss": [
            1.3130586278438567,
            1.0494845086336135,
            0.932504471540451,
            0.8433842676877975,
            0.7823115622997284,
            0.6974156793951988,
            0.6067229497432709,
            0.5455448269844055,
            0.47210437327623367,
            0.43208937361836436
        ],
        "acc": [
            0.5271,
            0.6291,
            0.67,
            0.7008,
            0.7242000000000001,
            0.757,
            0.7889,
            0.8132,
            0.8420000000000001,
            0.8531000000000001
        ]
    },
    "bast_acc": 0.8531000000000001
}