{
    "train": {
        "loss": [
            1.8110570901632308,
            1.137105823904276
        ],
        "acc": [
            0.41985,
            0.59665
        ]
    },
    "valid": {
        "loss": [
            1.3130586278438567,
            1.0338486444950103
        ],
        "acc": [
            0.5271,
            0.6353
        ]
    },
    "bast_acc": 0.6353
}