{
    "train": {
        "loss": [
            2.3620960429310798,
            1.9926105573773385,
            1.77883260846138,
            1.588802944123745,
            1.4230740025639534,
            1.286338895559311,
            1.1707314193248748,
            1.0704937368631362,
            0.9786559544503689,
            0.9232383899390697,
            0.8617968089878559,
            0.8172422036528587,
            0.7756174936890602,
            0.738945534825325,
            0.7006328009068966,
            0.679950050264597,
            0.6562934875488281,
            0.624952682107687,
            0.5996428012847901,
            0.5862740844488143,
            0.560423044487834,
            0.5430158760398627,
            0.5205900579690933,
            0.5047967232763767,
            0.4844723131507635,
            0.4697734273970127,
            0.4556030597537756,
            0.4368155155330896,
            0.41998883299529555,
            0.4020092964172363,
            0.39069798663258554,
            0.37543867342174053,
            0.361226361989975,
            0.3468350775539875,
            0.3375143982470036,
            0.323211981728673,
            0.3225599642843008,
            0.31587351076304915,
            0.31137382686138154,
            0.3089247245341539
        ],
        "acc": [
            0.415125,
            0.5351750000000001,
            0.5931500000000001,
            0.64385,
            0.68425,
            0.7208,
            0.7521,
            0.7756500000000001,
            0.800775,
            0.8182250000000001,
            0.836275,
            0.847225,
            0.861,
            0.873425,
            0.8837,
            0.8928250000000001,
            0.902325,
            0.9123,
            0.92035,
            0.9277500000000001,
            0.93605,
            0.942925,
            0.9490000000000001,
            0.9538500000000001,
            0.959075,
            0.963925,
            0.968975,
            0.972075,
            0.9753000000000001,
            0.97885,
            0.9812000000000001,
            0.9820000000000001,
            0.98495,
            0.987225,
            0.9876250000000001,
            0.9893500000000001,
            0.9891500000000001,
            0.9904000000000001,
            0.990175,
            0.9912500000000001
        ]
    },
    "valid": {
        "loss": [
            1.4389309108257293,
            1.2287651658058167,
            1.0800749957561493,
            0.9675114810466766,
            0.862867483496666,
            0.7854528546333313,
            0.6884132534265518,
            0.6447309076786041,
            0.5845486491918563,
            0.560304282605648,
            0.524056014418602,
            0.5036186277866364,
            0.47513466477394106,
            0.4593225926160812,
            0.4423606157302856,
            0.43032768815755845,
            0.4182866483926773,
            0.4007377624511719,
            0.38464631885290146,
            0.3842458754777908,
            0.37711731642484664,
            0.3566845268011093,
            0.359080471098423,
            0.34448968917131423,
            0.3459900915622711,
            0.3415081024169922,
            0.33831722289323807,
            0.3301748588681221,
            0.3317071422934532,
            0.3286237731575966,
            0.3289877787232399,
            0.323929126560688,
            0.32472218871116637,
            0.32009568214416506,
            0.32024736404418946,
            0.32051069736480714,
            0.3177978992462158,
            0.3166790619492531,
            0.31716417521238327,
            0.31720936447381975
        ],
        "acc": [
            0.4898,
            0.5625,
            0.6168,
            0.6609,
            0.6943,
            0.7245,
            0.7588,
            0.774,
            0.797,
            0.8055,
            0.8202,
            0.8249000000000001,
            0.8362,
            0.8428,
            0.8468,
            0.8509,
            0.8549,
            0.8615,
            0.8674000000000001,
            0.8683000000000001,
            0.8678,
            0.878,
            0.8767,
            0.8813000000000001,
            0.8827,
            0.882,
            0.8845000000000001,
            0.8861,
            0.8882,
            0.8876000000000001,
            0.8875000000000001,
            0.8893000000000001,
            0.8922,
            0.8932,
            0.8922,
            0.8924000000000001,
            0.8938,
            0.8936000000000001,
            0.8931,
            0.8933000000000001
        ]
    },
    "bast_acc": 0.8938
}