{
    "train": {
        "loss": [
            2.5116280540823936,
            1.9655114769935609,
            1.7656726777553557,
            1.6638320207595825,
            1.599599426984787,
            1.4999427199363708,
            1.4316300436854363,
            1.3588898584246636,
            1.3214982166886329,
            1.2490273401141168,
            1.1998951025307178,
            1.2160439625382424,
            1.1206057250499726,
            1.098629267513752,
            1.0412499621510505,
            1.0151063993573188,
            0.9640391319990158,
            0.9351658143103123,
            0.9086525641381741,
            0.88488043025136,
            0.8777695186436176,
            0.8267558328807354,
            0.8242815397679806,
            0.7893713556230069,
            0.772412185370922,
            0.7401468299329281,
            0.7193238861858845,
            0.7140516266226768,
            0.6695763021707535,
            0.6720681920647621,
            0.6491064801812172,
            0.6352069675922394,
            0.6107728641480208,
            0.5969220422208309,
            0.5979436937719583,
            0.5726516209542751,
            0.5709059420973063,
            0.5738422870635986,
            0.5646800834685564,
            0.573589001968503
        ],
        "acc": [
            0.440375,
            0.586175,
            0.651275,
            0.694975,
            0.725475,
            0.752025,
            0.778575,
            0.7985,
            0.809925,
            0.825925,
            0.8336250000000001,
            0.8455,
            0.857225,
            0.867175,
            0.875,
            0.88395,
            0.89075,
            0.9001,
            0.908425,
            0.9153,
            0.92125,
            0.9262250000000001,
            0.932575,
            0.94045,
            0.9452,
            0.952025,
            0.9580500000000001,
            0.961925,
            0.9678500000000001,
            0.97245,
            0.9756,
            0.9786750000000001,
            0.9812500000000001,
            0.9837250000000001,
            0.9855250000000001,
            0.98795,
            0.988175,
            0.989075,
            0.989925,
            0.990275
        ]
    },
    "valid": {
        "loss": [
            1.4798740863800048,
            1.323956125974655,
            1.2110917806625365,
            1.1748344659805299,
            1.1043091297149659,
            1.0045191675424576,
            1.0062916338443757,
            0.9273103833198547,
            0.8440983861684799,
            0.8568051636219025,
            0.8639432311058044,
            0.7947990447282791,
            0.7511709481477737,
            0.7449049979448319,
            0.7705048084259033,
            0.7249763935804368,
            0.7002853691577912,
            0.7293835788965225,
            0.7063141405582428,
            0.6880621880292892,
            0.6525940626859665,
            0.65345978140831,
            0.6275954216718673,
            0.6146149277687073,
            0.6362286597490311,
            0.620177561044693,
            0.5994312286376953,
            0.6245987296104432,
            0.6131398409605027,
            0.6085783958435058,
            0.5994140565395355,
            0.575750532746315,
            0.5764995902776718,
            0.5870498716831207,
            0.6186806470155716,
            0.5990988850593567,
            0.5738472312688827,
            0.573429960012436,
            0.563025814294815,
            0.5559221655130386
        ],
        "acc": [
            0.4787,
            0.5325,
            0.5676,
            0.5810000000000001,
            0.621,
            0.6483,
            0.6486000000000001,
            0.679,
            0.7025,
            0.7090000000000001,
            0.7123,
            0.7306,
            0.7449,
            0.7474000000000001,
            0.7362000000000001,
            0.7533000000000001,
            0.7658,
            0.752,
            0.7595000000000001,
            0.7667,
            0.7806000000000001,
            0.7774000000000001,
            0.7848,
            0.7906000000000001,
            0.7802,
            0.7883,
            0.798,
            0.7868,
            0.792,
            0.793,
            0.7964,
            0.8021,
            0.8052,
            0.7991,
            0.7896000000000001,
            0.7941,
            0.805,
            0.8046000000000001,
            0.808,
            0.8117000000000001
        ]
    },
    "bast_acc": 0.8117000000000001
}