{
    "train": {
        "loss": [
            2.535880170762539,
            1.8186510530114175,
            1.4664265075325966,
            1.3226242810487747,
            1.229073177576065,
            1.150113976597786,
            1.0851393423974514,
            1.0317672133445739,
            0.9991510406136512,
            0.9723580160737038,
            0.9505399578809738,
            0.9241081057488918,
            0.9102857990562916,
            0.895118717700243,
            0.8783764185011387,
            0.869675666987896,
            0.8528359872102738,
            0.8413620045781136,
            0.8302392429113388,
            0.8248737274110317,
            0.805613345503807,
            0.7971359199285507,
            0.7846977929770946,
            0.7744779306650161,
            0.7555823436379433,
            0.7381438805162907,
            0.7322381128370762,
            0.7097230251133442,
            0.6942949475347996,
            0.6788752534240484,
            0.6554545252770185,
            0.6389966498315335,
            0.6133007922023535,
            0.5870760229229927,
            0.5659189014881849,
            0.5381924989074469,
            0.5163341152668,
            0.49121457751840353,
            0.4625415337830782,
            0.43322222761809825,
            0.41785119522362946,
            0.39108402367681266,
            0.36481485079973935,
            0.3580699364095926,
            0.34124911576509476,
            0.320829615611583,
            0.31496050450950863,
            0.3013320934213698,
            0.3145994243398309,
            0.30533482614904645
        ],
        "acc": [
            0.415825,
            0.547775,
            0.640175,
            0.69375,
            0.7263000000000001,
            0.761,
            0.78985,
            0.809025,
            0.82255,
            0.8343,
            0.841175,
            0.8527,
            0.8585250000000001,
            0.8647250000000001,
            0.8727,
            0.8751,
            0.88195,
            0.886625,
            0.89185,
            0.8952,
            0.9030250000000001,
            0.90595,
            0.9103,
            0.916725,
            0.92005,
            0.924775,
            0.9292750000000001,
            0.935075,
            0.9372750000000001,
            0.9413750000000001,
            0.9462,
            0.9515250000000001,
            0.957875,
            0.9594750000000001,
            0.9642000000000001,
            0.96725,
            0.9714,
            0.97545,
            0.9786250000000001,
            0.9810000000000001,
            0.9835250000000001,
            0.98575,
            0.9877250000000001,
            0.9893000000000001,
            0.9903500000000001,
            0.9915750000000001,
            0.991975,
            0.9925750000000001,
            0.993275,
            0.9936250000000001
        ]
    },
    "valid": {
        "loss": [
            1.4465304696559906,
            1.1093646365404128,
            0.8583392608165741,
            0.783174809217453,
            0.7316839227080345,
            0.6651421463489533,
            0.5952365493774414,
            0.5349390655755997,
            0.49470712602138517,
            0.470907441675663,
            0.44594491481781007,
            0.4364808589220047,
            0.43750745326280593,
            0.4209137633442879,
            0.41922704577445985,
            0.3937222598493099,
            0.36389141127467156,
            0.3988310557603836,
            0.37547408387064934,
            0.3647473140060902,
            0.3520365309715271,
            0.33841920480132104,
            0.32160409688949587,
            0.32366044506430625,
            0.3180186377465725,
            0.2970757982134819,
            0.298682851344347,
            0.2831542924046516,
            0.28784492760896685,
            0.26831585928797724,
            0.26152903094887736,
            0.2564478550851345,
            0.2618419624865055,
            0.24655870638787747,
            0.2532605104893446,
            0.23565898291766643,
            0.23185063153505325,
            0.226313616335392,
            0.22353033430874347,
            0.22686419621109963,
            0.21751707971096038,
            0.2149349944666028,
            0.21506899021565914,
            0.21425606209784745,
            0.21596688985824586,
            0.2138615394383669,
            0.2107022727280855,
            0.21435991182923317,
            0.21033108472824097,
            0.21426593665033578
        ],
        "acc": [
            0.4903,
            0.6101,
            0.7007,
            0.7206,
            0.7472000000000001,
            0.77,
            0.7971,
            0.8217,
            0.8315,
            0.8445,
            0.8543000000000001,
            0.8559,
            0.8541000000000001,
            0.86,
            0.8581000000000001,
            0.8667,
            0.8794000000000001,
            0.8695,
            0.8745,
            0.8781,
            0.8842000000000001,
            0.8872,
            0.8941,
            0.8931,
            0.9,
            0.9039,
            0.9045000000000001,
            0.9088,
            0.9097000000000001,
            0.9157000000000001,
            0.9188000000000001,
            0.919,
            0.9149,
            0.9207000000000001,
            0.9202,
            0.9254,
            0.9277000000000001,
            0.9264,
            0.9291,
            0.9278000000000001,
            0.9308000000000001,
            0.9313,
            0.9307000000000001,
            0.9315,
            0.9321,
            0.9318000000000001,
            0.9337000000000001,
            0.9334,
            0.9354,
            0.9342
        ]
    },
    "bast_acc": 0.9354
}