{
    "train": {
        "loss": [
            1.5253570401668548,
            1.1294740134477614,
            1.0402327162027358,
            0.9821090394258499,
            0.9317359358072281,
            0.8995977246761322,
            0.8761845773458481,
            0.8634891343116761,
            0.8421227478981018,
            0.8309659665822983,
            0.8129792737960816,
            0.8002109897136688,
            0.7957552379369736,
            0.7847060483694076,
            0.7865948581695557,
            0.7741292679309845,
            0.7753428936004638,
            0.7747369754314423,
            0.7712328243255615,
            0.7572168684005738,
            0.7526930916309357,
            0.7444630324840545,
            0.7396876031160354,
            0.7298089456558228,
            0.7094056433439255,
            0.7003007292747497,
            0.6917847174406052,
            0.6695055329799652,
            0.6495228505134583,
            0.6402372455596924,
            0.6179427027702331,
            0.5992724364995956,
            0.5949874702095985,
            0.5760602706670761,
            0.5678610476851463,
            0.5573981937766075,
            0.5530917239189148,
            0.5503425645828247,
            0.5455173376202583,
            0.5457683748006821
        ],
        "acc": [
            0.49184000000000005,
            0.6295200000000001,
            0.6899200000000001,
            0.72874,
            0.7653000000000001,
            0.78978,
            0.81066,
            0.8259400000000001,
            0.8402200000000001,
            0.8522000000000001,
            0.8662000000000001,
            0.8755200000000001,
            0.8843200000000001,
            0.89324,
            0.90014,
            0.9081400000000001,
            0.9144200000000001,
            0.9189200000000001,
            0.9243600000000001,
            0.9313800000000001,
            0.93698,
            0.9413,
            0.9440600000000001,
            0.9491600000000001,
            0.9524800000000001,
            0.9572400000000001,
            0.9595600000000001,
            0.9638000000000001,
            0.9669200000000001,
            0.9702000000000001,
            0.97218,
            0.97562,
            0.9760400000000001,
            0.97806,
            0.97916,
            0.9809800000000001,
            0.98182,
            0.9818600000000001,
            0.9820200000000001,
            0.9826400000000001
        ]
    },
    "valid": {
        "loss": [
            1.139381355047226,
            0.9745044320821762,
            0.8402128398418427,
            0.7260685831308364,
            0.6467750340700149,
            0.5905778586864472,
            0.5476535737514496,
            0.5135319843888283,
            0.5034199044108391,
            0.4624693900346756,
            0.45395914018154143,
            0.4241779327392578,
            0.3977359876036644,
            0.3868453398346901,
            0.36991058140993116,
            0.3673534870147705,
            0.3531192898750305,
            0.3420806735754013,
            0.3318785563111305,
            0.325444421172142,
            0.3138340458273888,
            0.31137395799160006,
            0.3071691855788231,
            0.3092796131968498,
            0.29239453226327894,
            0.2875364303588867,
            0.2873476557433605,
            0.2799945957958698,
            0.2767422839999199,
            0.2763508327305317,
            0.27520359233021735,
            0.27539402395486834,
            0.26915898099541663,
            0.26919692009687424,
            0.2726049080491066,
            0.2693430885672569,
            0.2680139787495136,
            0.2682050816714764,
            0.26768351569771764,
            0.2681525655090809
        ],
        "acc": [
            0.5965,
            0.6551,
            0.7016,
            0.7413000000000001,
            0.7746000000000001,
            0.7962,
            0.8095,
            0.8219000000000001,
            0.8234,
            0.8390000000000001,
            0.8437,
            0.8523000000000001,
            0.8633000000000001,
            0.866,
            0.8745,
            0.8755000000000001,
            0.8819,
            0.8847,
            0.8885000000000001,
            0.8892,
            0.8933000000000001,
            0.8943000000000001,
            0.8948,
            0.896,
            0.9023,
            0.9017000000000001,
            0.903,
            0.9054000000000001,
            0.9102,
            0.9091,
            0.9102,
            0.9093,
            0.912,
            0.9136000000000001,
            0.9119,
            0.9153,
            0.9129,
            0.9135000000000001,
            0.913,
            0.9149
        ]
    },
    "bast_acc": 0.9153
}