{
    "train": {
        "loss": [
            85709.47885214924,
            87309.9766796875,
            86798.95958984375
        ],
        "acc": [
            0.09997500000000001,
            0.1,
            0.1
        ]
    },
    "valid": {
        "loss": [
            16319.089169921876,
            15719.938125,
            15330.9483203125
        ],
        "acc": [
            0.1,
            0.1,
            0.1
        ]
    },
    "bast_acc": 0.1
}