{
    "train": {
        "loss": [
            13.94847804903984,
            14.13895492553711,
            11.986819609999657,
            11.710147574543953,
            8.950738289952278,
            10.553023728728295,
            7.768646484613418,
            12.53008755594492,
            8.907420361042023,
            17.13217121362686,
            8.579284142702818,
            14.624614875763655,
            12.909105849266052,
            16.03976423740387,
            21.140827943384647,
            23.066007968783378,
            23.339711933583022,
            15.059374625980855,
            33.352447324991225,
            45.47639123424888,
            31.193617667257787,
            49.558028203994034,
            23.894707481563092,
            26.66576911881566,
            25.40861044675112,
            18.070198617875576,
            43.17732464000583,
            48.57158005833626,
            28.545897042751314,
            33.23148709014058,
            37.432882191240786,
            29.919730561226608,
            48.01226171553135,
            37.61035017110407,
            45.24815323799849,
            27.076991717144846,
            30.245335372164845,
            30.833861282467844,
            46.39577181562781,
            25.418657068908214
        ],
        "acc": [
            0.3221,
            0.423225,
            0.48497500000000004,
            0.540025,
            0.5934,
            0.62925,
            0.644175,
            0.6640750000000001,
            0.6813,
            0.6864250000000001,
            0.689675,
            0.72595,
            0.740275,
            0.7282000000000001,
            0.76715,
            0.7668250000000001,
            0.78115,
            0.7784000000000001,
            0.798825,
            0.8021250000000001,
            0.81105,
            0.8306,
            0.826175,
            0.8389500000000001,
            0.8419000000000001,
            0.8470000000000001,
            0.859,
            0.8668250000000001,
            0.8789250000000001,
            0.8792000000000001,
            0.8904000000000001,
            0.89265,
            0.8984500000000001,
            0.9080750000000001,
            0.9106000000000001,
            0.91505,
            0.9162750000000001,
            0.924475,
            0.9240750000000001,
            0.9253250000000001
        ]
    },
    "valid": {
        "loss": [
            9.984332466125489,
            36.604905700683595,
            20.52911548614502,
            21.360396575927734,
            28.474445056915282,
            28.17157154083252,
            26.42944555282593,
            27.987854385375975,
            18.900068950653075,
            17.996353149414062,
            18.13832378387451,
            14.751845550537109,
            7.637155342102051,
            15.953201484680175,
            12.326546573638916,
            7.510464286804199,
            10.515469312667847,
            4.922356629371643,
            12.271269941329956,
            18.060712623596192,
            4.71089539527893,
            5.203882384300232,
            3.78617981672287,
            4.4323416471481325,
            4.45791265964508,
            4.220306193828582,
            4.20732946395874,
            4.5726896047592165,
            3.966190791130066,
            4.898830819129944,
            4.4452033042907715,
            3.7671483397483825,
            4.38094265460968,
            4.490083789825439,
            4.9943747282028195,
            4.45055251121521,
            4.3652893781661986,
            4.4976709365844725,
            5.17425057888031,
            5.022997570037842
        ],
        "acc": [
            0.1,
            0.1,
            0.1,
            0.1,
            0.1,
            0.1,
            0.1,
            0.1,
            0.10020000000000001,
            0.1,
            0.10110000000000001,
            0.1062,
            0.1237,
            0.10060000000000001,
            0.11570000000000001,
            0.13520000000000001,
            0.1155,
            0.1428,
            0.1009,
            0.1,
            0.1385,
            0.14400000000000002,
            0.1363,
            0.14980000000000002,
            0.11800000000000001,
            0.15030000000000002,
            0.14930000000000002,
            0.1467,
            0.1386,
            0.1449,
            0.1421,
            0.14450000000000002,
            0.1413,
            0.1438,
            0.1453,
            0.1323,
            0.1361,
            0.1355,
            0.1552,
            0.1464
        ]
    },
    "bast_acc": 0.1552
}