{
    "train": {
        "loss": [
            2.20865296959877,
            1.8517678475379944,
            1.5992196929454803,
            1.420321890115738,
            1.2697642540931702,
            1.1314834129810334,
            1.0313995122909545,
            0.9402683854103089,
            0.867307642698288,
            0.8203813600540161,
            0.7764139771461487,
            0.7382845598459243,
            0.6984513074159622,
            0.6695292443037033,
            0.6460869908332825,
            0.6211550015211106,
            0.6003136429190635,
            0.582279641032219,
            0.5598555999994278,
            0.5475698173046112,
            0.5282545754313469,
            0.5125446370244027,
            0.49727944791316986,
            0.4790553483366966,
            0.4608031275868416,
            0.44236135751008987,
            0.43225927084684374,
            0.41686552852392195,
            0.40197899609804155,
            0.3837831139564514,
            0.3735045206546783,
            0.3620086371898651,
            0.3443237006664276,
            0.3391492110490799,
            0.32863284170627594,
            0.32064432457089426,
            0.31523397073149684,
            0.3117071577906609,
            0.3080678091943264,
            0.3081392924487591
        ],
        "acc": [
            0.43960000000000005,
            0.54952,
            0.62416,
            0.6811600000000001,
            0.7256,
            0.76026,
            0.7847400000000001,
            0.8096800000000001,
            0.8274800000000001,
            0.84174,
            0.8556400000000001,
            0.86636,
            0.8791800000000001,
            0.8879400000000001,
            0.89636,
            0.9044200000000001,
            0.9138000000000001,
            0.92088,
            0.92766,
            0.9334600000000001,
            0.9395600000000001,
            0.9441600000000001,
            0.9510000000000001,
            0.95642,
            0.9618800000000001,
            0.9665800000000001,
            0.96962,
            0.9734800000000001,
            0.9763600000000001,
            0.9786400000000001,
            0.9817400000000001,
            0.9825600000000001,
            0.9859800000000001,
            0.9864800000000001,
            0.9881400000000001,
            0.98872,
            0.99038,
            0.99048,
            0.9904400000000001,
            0.9894600000000001
        ]
    },
    "valid": {
        "loss": [
            1.4107033491134644,
            1.1602451264858247,
            0.9992480725049973,
            0.8474367320537567,
            0.7384166151285172,
            0.6628769785165787,
            0.6101434409618378,
            0.5568022802472115,
            0.5099506482481957,
            0.4838011935353279,
            0.4653796523809433,
            0.4376359820365906,
            0.41667753309011457,
            0.40707514584064486,
            0.3950643986463547,
            0.38255509436130525,
            0.37097186148166655,
            0.36825173795223237,
            0.35984720587730407,
            0.3487314820289612,
            0.34658352136611936,
            0.33141341656446455,
            0.3254354551434517,
            0.3162675201892853,
            0.3079982489347458,
            0.29737738594412805,
            0.29194401055574415,
            0.290826953202486,
            0.2803423903882504,
            0.2813140653073788,
            0.2754256621003151,
            0.27491384744644165,
            0.2719245389103889,
            0.2715649247169495,
            0.271107792109251,
            0.2701632671058178,
            0.26815818920731543,
            0.2662440173327923,
            0.26662191599607465,
            0.26756570115685463
        ],
        "acc": [
            0.4928,
            0.5788,
            0.6423,
            0.7003,
            0.7399,
            0.7696000000000001,
            0.7871,
            0.8077000000000001,
            0.8218000000000001,
            0.8340000000000001,
            0.8408,
            0.8484,
            0.8578,
            0.8589,
            0.8675,
            0.8695,
            0.877,
            0.8761,
            0.8772000000000001,
            0.8843000000000001,
            0.882,
            0.889,
            0.8897,
            0.8943000000000001,
            0.8955000000000001,
            0.9019,
            0.9028,
            0.9035000000000001,
            0.9075000000000001,
            0.9093,
            0.9069,
            0.9072,
            0.9099,
            0.9099,
            0.9099,
            0.9101,
            0.911,
            0.9114000000000001,
            0.9109,
            0.9114000000000001
        ]
    },
    "bast_acc": 0.9114000000000001
}