{
    "train": {
        "loss": [
            2.205028037726879,
            1.8244021579623222,
            1.6235484689474107,
            1.528541173040867,
            1.3679167181253433,
            1.2811062827706337,
            1.1929523676633835,
            1.1059083946049213,
            1.0185809306800366,
            0.9472103983163833,
            0.8859163716435432,
            0.8318375639617444,
            0.7885210052132606,
            0.7498413927853107,
            0.7096169747412204,
            0.6843925058841706,
            0.6518693052232265,
            0.6240169912576675,
            0.6070086531341076,
            0.5855859380215407,
            0.5610053673386574,
            0.5368550758808851,
            0.5247194029390811,
            0.5001284588128329,
            0.4816882636398077,
            0.46461939439177513,
            0.452747692912817,
            0.4273290991783142,
            0.4108181335031986,
            0.3951939582824707,
            0.3821284450590611,
            0.36480474174022676,
            0.3553371224552393,
            0.33795850947499273,
            0.32810516767203807,
            0.31894823256880045,
            0.3119124246761203,
            0.307840920984745,
            0.3003498623147607,
            0.296782317943871
        ],
        "acc": [
            0.43,
            0.55445,
            0.61745,
            0.6553,
            0.6934250000000001,
            0.727275,
            0.75005,
            0.77285,
            0.7965500000000001,
            0.816875,
            0.8328500000000001,
            0.8485250000000001,
            0.86065,
            0.873325,
            0.8857250000000001,
            0.892275,
            0.9049750000000001,
            0.9131,
            0.9197500000000001,
            0.926725,
            0.934575,
            0.942075,
            0.9476,
            0.9524750000000001,
            0.959775,
            0.96465,
            0.96645,
            0.9721000000000001,
            0.9756,
            0.977975,
            0.9806250000000001,
            0.983425,
            0.9850500000000001,
            0.98665,
            0.98755,
            0.9882500000000001,
            0.9898,
            0.9891500000000001,
            0.989975,
            0.9905250000000001
        ]
    },
    "valid": {
        "loss": [
            1.4418232977390288,
            1.1947153508663177,
            1.0520204603672028,
            0.9567595034837723,
            0.8516525387763977,
            0.7630206614732742,
            0.7209987223148346,
            0.648339256644249,
            0.58675497174263,
            0.5505931109189988,
            0.5450271964073181,
            0.5007147073745728,
            0.4703259661793709,
            0.4605699762701988,
            0.43309113532304766,
            0.4215500712394714,
            0.4098085582256317,
            0.3900229647755623,
            0.39449079185724256,
            0.3700067952275276,
            0.3585027053952217,
            0.35297137051820754,
            0.34076452255249023,
            0.3344577640295029,
            0.3340041756629944,
            0.3364555224776268,
            0.32163327634334565,
            0.3133306488394737,
            0.31249848529696467,
            0.3100946769118309,
            0.30847602188587187,
            0.3061317063868046,
            0.3026842810213566,
            0.30128817781805994,
            0.3020155392587185,
            0.3008440472185612,
            0.3003205038607121,
            0.2999079070985317,
            0.30002484694123266,
            0.2998846985399723
        ],
        "acc": [
            0.4792,
            0.5850000000000001,
            0.632,
            0.6654,
            0.7018,
            0.7323000000000001,
            0.7455,
            0.7756000000000001,
            0.7966000000000001,
            0.8103,
            0.8104,
            0.8296,
            0.8364,
            0.8418,
            0.8513000000000001,
            0.8541000000000001,
            0.8574,
            0.8631000000000001,
            0.8647,
            0.8703000000000001,
            0.8773000000000001,
            0.8772000000000001,
            0.8821,
            0.8848,
            0.8868,
            0.8851,
            0.8911,
            0.8925000000000001,
            0.8931,
            0.897,
            0.8969,
            0.897,
            0.8982,
            0.8985000000000001,
            0.9001,
            0.9005000000000001,
            0.8996000000000001,
            0.9001,
            0.8998,
            0.8997
        ]
    },
    "bast_acc": 0.9005000000000001
}