{
    "train": {
        "loss": [
            1.9478055727481842
        ],
        "acc": [
            0.46010000000000006
        ]
    },
    "valid": {
        "loss": [
            1.2694483160972596
        ],
        "acc": [
            0.5446
        ]
    },
    "bast_acc": 0.5446
}