{
    "train": {
        "loss": [
            1.4827111601829528,
            1.1024304735660553,
            0.9072261130809784,
            0.7857820320129395,
            0.7091251796483994,
            0.6413833475112916,
            0.5766451537609101,
            0.5276127597689628,
            0.4834683248400688,
            0.45108969658613207,
            0.4103119432926178,
            0.3889693918824196,
            0.36302579432725907,
            0.34247455328702925,
            0.31509661078453066,
            0.29853940367698667,
            0.2808928783237934,
            0.26664188474416733,
            0.247684840708971,
            0.22850738182663918,
            0.215875583589077,
            0.20158062785863876,
            0.19141184225678443,
            0.17723629832267762,
            0.16561768382787703,
            0.15110742747783662,
            0.1459187789261341,
            0.12497765585780143,
            0.11656521677970887,
            0.10703237742185592,
            0.09268809620290995,
            0.08402154497802257,
            0.07157510459423065,
            0.05748053042218089,
            0.0490752555988729,
            0.04073853539302945,
            0.03637074146419764,
            0.029892060412093996,
            0.025404467321932314,
            0.019834952112287283,
            0.01863299255259335,
            0.015240666554309428,
            0.013395379753783345,
            0.012117590638808906,
            0.010977590950205922,
            0.010897121173329652,
            0.010023184255696833,
            0.01021811948157847,
            0.009433809868060052,
            0.009760605539195239
        ],
        "acc": [
            0.47480000000000006,
            0.6150800000000001,
            0.6805800000000001,
            0.7268600000000001,
            0.7525000000000001,
            0.7777200000000001,
            0.7979600000000001,
            0.8163,
            0.8305,
            0.8425600000000001,
            0.85706,
            0.8639000000000001,
            0.8713200000000001,
            0.8799600000000001,
            0.8890600000000001,
            0.89602,
            0.9003800000000001,
            0.90612,
            0.9124000000000001,
            0.9189200000000001,
            0.9238600000000001,
            0.9302400000000001,
            0.9329200000000001,
            0.9389000000000001,
            0.94254,
            0.94786,
            0.9498200000000001,
            0.95642,
            0.9588000000000001,
            0.9628000000000001,
            0.9691000000000001,
            0.9722200000000001,
            0.9765600000000001,
            0.98184,
            0.9842600000000001,
            0.9881000000000001,
            0.9892200000000001,
            0.99172,
            0.9929200000000001,
            0.9950800000000001,
            0.99528,
            0.9966400000000001,
            0.9970200000000001,
            0.9975400000000001,
            0.99794,
            0.9978000000000001,
            0.9981800000000001,
            0.99804,
            0.9985200000000001,
            0.9982400000000001
        ]
    },
    "valid": {
        "loss": [
            1.2703672647476196,
            1.038206186890602,
            0.8525708168745041,
            0.7867668718099594,
            0.7110707283020019,
            0.6503793478012085,
            0.6008173406124115,
            0.5731959819793702,
            0.5711854577064515,
            0.5290855631232262,
            0.529184241592884,
            0.49966881722211837,
            0.5160444051027298,
            0.46106885373592377,
            0.49156940877437594,
            0.5248082295060158,
            0.44601928293704984,
            0.5239350587129593,
            0.4567577511072159,
            0.43949309438467027,
            0.4578410014510155,
            0.4278935045003891,
            0.4396031409502029,
            0.5413499161601066,
            0.4331807553768158,
            0.5065848872065544,
            0.46791847944259646,
            0.423609821498394,
            0.43675623536109925,
            0.41663485765457153,
            0.40371045023202895,
            0.42266604751348497,
            0.3921343684196472,
            0.395377217233181,
            0.4046328067779541,
            0.3904578730463982,
            0.3841372221708298,
            0.38453683257102966,
            0.37210250794887545,
            0.37997995018959047,
            0.3796212151646614,
            0.38009932935237883,
            0.37706695050001143,
            0.3796437710523605,
            0.3740310236811638,
            0.37330186665058135,
            0.3730031535029411,
            0.3724623486399651,
            0.37220600098371504,
            0.3724343657493591
        ],
        "acc": [
            0.549,
            0.63,
            0.6975,
            0.7273000000000001,
            0.7554000000000001,
            0.7736000000000001,
            0.7957000000000001,
            0.8028000000000001,
            0.8019000000000001,
            0.8195,
            0.8247,
            0.8325,
            0.8246,
            0.8460000000000001,
            0.8370000000000001,
            0.8286,
            0.8538,
            0.8308000000000001,
            0.8532000000000001,
            0.8633000000000001,
            0.8521000000000001,
            0.8632000000000001,
            0.863,
            0.8348,
            0.8669,
            0.8484,
            0.8609,
            0.8724000000000001,
            0.8664000000000001,
            0.8761,
            0.885,
            0.88,
            0.8897,
            0.8899,
            0.89,
            0.8965000000000001,
            0.8963000000000001,
            0.8987,
            0.9024000000000001,
            0.9033,
            0.9052,
            0.904,
            0.9044000000000001,
            0.9039,
            0.9054000000000001,
            0.9062,
            0.9064000000000001,
            0.9059,
            0.9054000000000001,
            0.9054000000000001
        ]
    },
    "bast_acc": 0.9064000000000001,
    "enable_pugd_epoch": -1,
    "init_grad_var": -1,
    "grad_var": -1
}