{
    "train": {
        "loss": [
            1.4827111601829528,
            1.1024304735660553,
            0.9072261130809784,
            0.7857820320129395,
            0.7091251796483994,
            0.6413833475112916,
            0.5766451537609101,
            0.5276127597689628,
            0.4834683248400688,
            0.45108969658613207,
            0.4103119432926178,
            0.8798997122049331,
            0.7867560291290283,
            0.7435296249389648,
            0.703392134308815,
            0.668917840719223,
            0.6470643275976181,
            0.6245749682188034,
            0.5971007165312767,
            0.5730851832032203,
            0.5548833498358726,
            0.5464692947268486,
            0.5289128267765045,
            0.5074950700998306,
            0.49831557720899583,
            0.47814916908740995,
            0.4677186506986618,
            0.4488942179083824,
            0.43334238588809965,
            0.41638590663671493,
            0.3986142119765282,
            0.3856215298175812,
            0.37363707184791567,
            0.36023171156644823,
            0.34100995272397994,
            0.32191688477993013,
            0.31178926095366477,
            0.2972456409037113,
            0.284355391561985,
            0.27282257199287413,
            0.260279286056757,
            0.2527675768733025,
            0.2424896800518036,
            0.23259636729955674,
            0.2191765069961548,
            0.21735730037093162,
            0.2075274546444416,
            0.21314158007502557,
            0.2126952263712883,
            0.20880334615707397
        ],
        "acc": [
            0.47480000000000006,
            0.6150800000000001,
            0.6805800000000001,
            0.7268600000000001,
            0.7525000000000001,
            0.7777200000000001,
            0.7979600000000001,
            0.8163,
            0.8305,
            0.8425600000000001,
            0.85706,
            0.8658000000000001,
            0.87372,
            0.8827400000000001,
            0.8927400000000001,
            0.9013000000000001,
            0.90666,
            0.9147400000000001,
            0.92166,
            0.9280600000000001,
            0.93544,
            0.9404600000000001,
            0.9442,
            0.9511600000000001,
            0.9542800000000001,
            0.9595600000000001,
            0.9623800000000001,
            0.9677800000000001,
            0.9711600000000001,
            0.9738000000000001,
            0.97738,
            0.9807800000000001,
            0.9829800000000001,
            0.9853000000000001,
            0.9871800000000001,
            0.9888800000000001,
            0.9905400000000001,
            0.9912000000000001,
            0.9923600000000001,
            0.9939600000000001,
            0.9943200000000001,
            0.9950200000000001,
            0.99548,
            0.9960800000000001,
            0.9965600000000001,
            0.99682,
            0.9967600000000001,
            0.9968400000000001,
            0.9970600000000001,
            0.9971200000000001
        ]
    },
    "valid": {
        "loss": [
            1.2703672647476196,
            1.038206186890602,
            0.8525708168745041,
            0.7867668718099594,
            0.7110707283020019,
            0.6503793478012085,
            0.6008173406124115,
            0.5731959819793702,
            0.5711854577064515,
            0.5290855631232262,
            0.529184241592884,
            0.4651627093553543,
            0.4468389317393303,
            0.4386174872517586,
            0.4155660644173622,
            0.40178031772375106,
            0.3728001058101654,
            0.384566929936409,
            0.3526752442121506,
            0.3552434489130974,
            0.35772273391485215,
            0.34648034870624544,
            0.3313529402017593,
            0.3341536119580269,
            0.3127086490392685,
            0.312731908261776,
            0.31146575435996054,
            0.301576916128397,
            0.2915850609540939,
            0.29029660299420357,
            0.2821876272559166,
            0.2834893330931664,
            0.2733747109770775,
            0.2744886361062527,
            0.2742019288241863,
            0.2725391149520874,
            0.26509552597999575,
            0.2682682290673256,
            0.26699706017971037,
            0.2691387668251991,
            0.26570039466023443,
            0.26680753752589226,
            0.26795445159077647,
            0.2683217376470566,
            0.26705058142542837,
            0.26823093816637994,
            0.26762750670313834,
            0.26575913205742835,
            0.26545708552002906,
            0.2662306122481823
        ],
        "acc": [
            0.549,
            0.63,
            0.6975,
            0.7273000000000001,
            0.7554000000000001,
            0.7736000000000001,
            0.7957000000000001,
            0.8028000000000001,
            0.8019000000000001,
            0.8195,
            0.8247,
            0.8395,
            0.8459,
            0.8491000000000001,
            0.8579,
            0.8646,
            0.8755000000000001,
            0.87,
            0.8788,
            0.8787,
            0.8761,
            0.8827,
            0.8906000000000001,
            0.8863000000000001,
            0.8937,
            0.8932,
            0.8996000000000001,
            0.9,
            0.905,
            0.9024000000000001,
            0.9062,
            0.9061,
            0.9105000000000001,
            0.9105000000000001,
            0.9118,
            0.9123,
            0.9158000000000001,
            0.9144,
            0.9141,
            0.913,
            0.915,
            0.9168000000000001,
            0.9155000000000001,
            0.9166000000000001,
            0.9163,
            0.9177000000000001,
            0.9188000000000001,
            0.9177000000000001,
            0.9186000000000001,
            0.9179
        ]
    },
    "bast_acc": 0.9188000000000001,
    "enable_pugd_epoch": 10,
    "delta_base": 0.06683077335357664,
    "delta": 0.11887229830026624
}