{
    "train": {
        "loss": [
            11.039486253261567,
            15.077757143974305,
            11.29384062886238,
            16.809095138311385,
            12.887627258896828,
            14.678478956222534,
            12.787479972839355,
            21.149282643198966,
            12.842071002721786,
            19.279036873579024,
            26.256994956731795,
            18.708461858332157,
            19.643837329745292,
            20.93005754351616,
            30.20599993914366,
            36.71064455732703,
            23.809208442270755,
            23.261070487648247,
            37.90252795442939,
            27.633201145380735,
            26.79493827521801,
            31.25197554528713,
            24.020968467742204,
            17.97615948319435,
            29.21708238199353,
            32.602304249256846,
            14.845962081104517,
            23.6202493339777,
            27.0995102904737,
            17.271671921759843,
            26.707133949548005,
            18.720946995168923,
            27.864781814813615,
            22.262703215703368,
            33.88234789483249,
            23.785449304431676,
            22.867498864233493,
            17.514919058978556,
            33.15542697571218,
            36.67275267094374
        ],
        "acc": [
            0.320025,
            0.45927500000000004,
            0.5206500000000001,
            0.6027,
            0.62355,
            0.6448,
            0.678775,
            0.7020000000000001,
            0.7141000000000001,
            0.7076250000000001,
            0.7292500000000001,
            0.7402000000000001,
            0.7623500000000001,
            0.7663000000000001,
            0.7713500000000001,
            0.78535,
            0.792,
            0.79595,
            0.799825,
            0.8043750000000001,
            0.8089500000000001,
            0.82245,
            0.8189500000000001,
            0.8373,
            0.8439500000000001,
            0.8417,
            0.851175,
            0.8575,
            0.85595,
            0.8698250000000001,
            0.8707,
            0.8748750000000001,
            0.8789,
            0.878225,
            0.8853500000000001,
            0.887125,
            0.8869,
            0.8882,
            0.89265,
            0.8948250000000001
        ]
    },
    "valid": {
        "loss": [
            3.2291818141937254,
            5.815478515625,
            4.511406898498535,
            7.703357124328614,
            15.970316934585572,
            13.286341094970703,
            11.39418430328369,
            20.180116176605225,
            6.717029929161072,
            13.316249227523803,
            8.385412883758544,
            5.903482151031494,
            5.058797669410706,
            5.219796347618103,
            6.818241429328919,
            6.8793692827224735,
            7.098064112663269,
            6.966914200782776,
            15.036315155029296,
            13.748730421066284,
            10.823801231384277,
            8.667168521881104,
            7.680914449691772,
            5.970098352432251,
            5.554583430290222,
            7.911466193199158,
            7.179688787460327,
            7.906913542747498,
            10.025608921051026,
            9.022465419769286,
            11.121929359436034,
            12.542563152313232,
            14.641464376449585,
            13.283782148361206,
            13.433782720565796,
            9.549993181228638,
            18.268437767028807,
            10.669381380081177,
            12.692062854766846,
            12.069014310836792
        ],
        "acc": [
            0.11760000000000001,
            0.0979,
            0.1272,
            0.0898,
            0.1,
            0.1149,
            0.1067,
            0.1,
            0.1029,
            0.1179,
            0.1203,
            0.10360000000000001,
            0.10400000000000001,
            0.10060000000000001,
            0.1292,
            0.1231,
            0.10400000000000001,
            0.11720000000000001,
            0.1187,
            0.1144,
            0.1184,
            0.12100000000000001,
            0.134,
            0.15480000000000002,
            0.13970000000000002,
            0.1474,
            0.12350000000000001,
            0.1406,
            0.13470000000000001,
            0.16160000000000002,
            0.12190000000000001,
            0.10990000000000001,
            0.1332,
            0.1211,
            0.1,
            0.1323,
            0.0999,
            0.1305,
            0.1067,
            0.1183
        ]
    },
    "bast_acc": 0.16160000000000002
}