{
    "train": {
        "loss": [
            2.1926186883449557,
            1.774941358566284,
            1.5492268431186675,
            1.3722018086910248,
            1.2177717351913453,
            1.1003337574005128,
            0.9983610409498215,
            0.9179901784658432,
            0.8453777134418488,
            0.792208456993103,
            0.7460163033008576,
            0.7071936231851578,
            0.669105458855629,
            0.6437227320671082,
            0.6140818870067597,
            0.5887954738736153,
            0.5714264172315597,
            0.5486546310782433,
            0.5271842759847641,
            0.5090556102991104,
            0.49721544593572614,
            0.47998241007328035,
            0.465570071041584,
            0.4468500822782516,
            0.4339266902208328,
            0.4175900581479073,
            0.40458984166383744,
            0.3948352962732315,
            0.3820816633105278,
            0.36715698897838595,
            0.35993149548769,
            0.3456908017396927,
            0.3392969053983688,
            0.3330893564224243,
            0.32281105235219004,
            0.31733113914728167,
            0.3106918330490589,
            0.30836861819028855,
            0.3062365259230137,
            0.3061047914624214
        ],
        "acc": [
            0.46680000000000005,
            0.59186,
            0.6602,
            0.7063200000000001,
            0.7431800000000001,
            0.7712600000000001,
            0.79456,
            0.81354,
            0.8303600000000001,
            0.84396,
            0.8554200000000001,
            0.8679000000000001,
            0.8794400000000001,
            0.8862800000000001,
            0.89502,
            0.90378,
            0.9108400000000001,
            0.9178600000000001,
            0.92332,
            0.93022,
            0.9343800000000001,
            0.9402,
            0.9451800000000001,
            0.9494400000000001,
            0.9528000000000001,
            0.9576600000000001,
            0.9608800000000001,
            0.9634800000000001,
            0.96672,
            0.9698200000000001,
            0.9728800000000001,
            0.97472,
            0.9758800000000001,
            0.9772600000000001,
            0.9782600000000001,
            0.97872,
            0.9805800000000001,
            0.98116,
            0.98106,
            0.9813200000000001
        ]
    },
    "valid": {
        "loss": [
            1.2656826198101043,
            1.119079703092575,
            0.9230174392461776,
            0.765570268034935,
            0.697072559595108,
            0.6272030830383301,
            0.5869528442621231,
            0.5311029270291329,
            0.5019086986780167,
            0.47266812026500704,
            0.4576174333691597,
            0.43665929436683654,
            0.41580219119787215,
            0.39751538783311846,
            0.39181445688009264,
            0.3795316755771637,
            0.3671462133526802,
            0.3614997550845146,
            0.34260544180870056,
            0.32910131067037585,
            0.31768129020929337,
            0.3173573389649391,
            0.3129724308848381,
            0.3058847442269325,
            0.2954539731144905,
            0.2901333667337894,
            0.2847717799246311,
            0.2781617224216461,
            0.27543676644563675,
            0.2706004485487938,
            0.2680586867034435,
            0.2646360732614994,
            0.26355431973934174,
            0.2635970003902912,
            0.2618850447237492,
            0.2615139991044998,
            0.25935628861188886,
            0.26017594859004023,
            0.259408500790596,
            0.2593518853187561
        ],
        "acc": [
            0.5414,
            0.6009,
            0.6696000000000001,
            0.7301000000000001,
            0.7583000000000001,
            0.7823,
            0.7949,
            0.8159000000000001,
            0.8281000000000001,
            0.8384,
            0.8469,
            0.8514,
            0.8632000000000001,
            0.8659,
            0.868,
            0.8705,
            0.8771,
            0.8782000000000001,
            0.8831,
            0.8879,
            0.8936000000000001,
            0.893,
            0.8928,
            0.8958,
            0.9006000000000001,
            0.9031,
            0.9044000000000001,
            0.9089,
            0.9088,
            0.9101,
            0.9086000000000001,
            0.9112,
            0.9108,
            0.9127000000000001,
            0.9127000000000001,
            0.9145000000000001,
            0.9143,
            0.9143,
            0.9134,
            0.914
        ]
    },
    "bast_acc": 0.9145000000000001
}