{
    "train": {
        "loss": [
            1.488849365711212,
            1.1035779118537903,
            0.9041705256700516,
            0.7951163798570633,
            0.7079861968755722,
            0.6544634872674941,
            0.5974928149580956,
            0.551075696349144,
            0.5035483914613724,
            0.9847620004415512,
            0.8788095051050187,
            0.8128081238269806,
            0.7626327723264694,
            0.7238969361782074,
            0.6897545647621155,
            0.6599706071615219,
            0.6334514725208282,
            0.61319216132164,
            0.5871691316366195,
            0.5685934969782829,
            0.5460227754712105,
            0.5260119706392288,
            0.5058261847496033,
            0.4921086370944977,
            0.47423523783683774,
            0.4507380050420761,
            0.43573318898677826,
            0.413559564948082,
            0.40435820013284685,
            0.3813016974925995,
            0.3726425650715828,
            0.35923134088516234,
            0.34472437024116515,
            0.33331445559859274,
            0.32158685639500617,
            0.30987835705280303,
            0.3087667991220951,
            0.2967038182914257,
            0.29340396702289584,
            0.2947672218084335
        ],
        "acc": [
            0.47546000000000005,
            0.6123000000000001,
            0.6842400000000001,
            0.7227600000000001,
            0.75338,
            0.77188,
            0.7894800000000001,
            0.80888,
            0.8228000000000001,
            0.8398000000000001,
            0.8499000000000001,
            0.86292,
            0.8753000000000001,
            0.88604,
            0.8937200000000001,
            0.9027200000000001,
            0.9099400000000001,
            0.9179200000000001,
            0.92678,
            0.93276,
            0.9403,
            0.9447800000000001,
            0.9516000000000001,
            0.9557800000000001,
            0.9618000000000001,
            0.9661200000000001,
            0.9701400000000001,
            0.9746800000000001,
            0.9772400000000001,
            0.9798000000000001,
            0.9819800000000001,
            0.9839600000000001,
            0.9861800000000001,
            0.9875800000000001,
            0.9884600000000001,
            0.9902000000000001,
            0.9904000000000001,
            0.9908000000000001,
            0.99106,
            0.9913400000000001
        ]
    },
    "valid": {
        "loss": [
            1.252390879392624,
            1.012312912940979,
            0.8607113838195801,
            0.7838615953922272,
            0.7181008696556092,
            0.682996329665184,
            0.6297615140676498,
            0.609587675333023,
            0.5474426716566085,
            0.5111615836620331,
            0.4918960526585579,
            0.45738205015659333,
            0.44377848207950593,
            0.4294314458966255,
            0.4146092116832733,
            0.3931655928492546,
            0.3780169427394867,
            0.3615161269903183,
            0.35637326538562775,
            0.3455100283026695,
            0.34775876849889753,
            0.3333987042307854,
            0.33011022210121155,
            0.32908653318881986,
            0.31607034504413606,
            0.3076916977763176,
            0.3040331520140171,
            0.29568617418408394,
            0.2916858620941639,
            0.2934212528169155,
            0.2861995674669743,
            0.2853169903159142,
            0.28444759622216226,
            0.2825115203857422,
            0.2809941165149212,
            0.2815226122736931,
            0.27946858629584315,
            0.2785159252583981,
            0.27668030112981795,
            0.2783168308436871
        ],
        "acc": [
            0.5664,
            0.6481,
            0.6968000000000001,
            0.7235,
            0.7435,
            0.7637,
            0.7802,
            0.7875000000000001,
            0.8109000000000001,
            0.8249000000000001,
            0.8357,
            0.8450000000000001,
            0.8481000000000001,
            0.8519,
            0.8585,
            0.8657,
            0.8698,
            0.8771,
            0.8779,
            0.8826,
            0.8806,
            0.8848,
            0.8866,
            0.8879,
            0.8924000000000001,
            0.8958,
            0.9001,
            0.9,
            0.9019,
            0.8995000000000001,
            0.9025000000000001,
            0.9018,
            0.9034000000000001,
            0.9046000000000001,
            0.9063,
            0.9068,
            0.9086000000000001,
            0.9079,
            0.9076000000000001,
            0.9074000000000001
        ]
    },
    "bast_acc": 0.9086000000000001
}