{
    "train": {
        "loss": [
            3.132849062979221,
            2.1981651723384856,
            1.946207253932953,
            1.8118607124686241,
            1.7314483672380447,
            1.6641493800282479,
            1.6046959194540977,
            1.540742166340351,
            1.4788886088132858,
            1.4165705475211143,
            1.3751382610201837,
            1.3304189489781857,
            1.2956991554796695,
            1.269605783522129,
            1.2493542174994945,
            1.223619145154953,
            1.2079378859698773,
            1.1885279831290245,
            1.1669008976221085,
            1.1564474195241927,
            1.1296536554396153,
            1.118318764269352,
            1.0839095701277257,
            1.0687927682697773,
            1.0305144689977168,
            1.0076242356002332,
            0.9791868245601654,
            0.9417301487922668,
            0.9171787841618061,
            0.8866115880012512,
            0.8459107330441475,
            0.8286797426640987,
            0.8035345825552941,
            0.7651311057806015,
            0.7465275891125203,
            0.7233678840845823,
            0.6990492724627256,
            0.6930462507158518,
            0.6793490291386842,
            0.6800898607820273
        ],
        "acc": [
            0.38070000000000004,
            0.5048750000000001,
            0.5838,
            0.6401,
            0.6756500000000001,
            0.706125,
            0.735425,
            0.7618,
            0.7859750000000001,
            0.8088000000000001,
            0.8244750000000001,
            0.840025,
            0.84955,
            0.8586,
            0.8668,
            0.8744000000000001,
            0.88105,
            0.8882,
            0.8945500000000001,
            0.8986000000000001,
            0.9062250000000001,
            0.9102250000000001,
            0.9175000000000001,
            0.9223,
            0.9292750000000001,
            0.9329500000000001,
            0.938975,
            0.9450500000000001,
            0.9484,
            0.95225,
            0.9585750000000001,
            0.962025,
            0.96525,
            0.968175,
            0.970875,
            0.9719500000000001,
            0.9742000000000001,
            0.9755,
            0.9759000000000001,
            0.9769000000000001
        ]
    },
    "valid": {
        "loss": [
            1.5013080275058746,
            1.2365819811820984,
            1.0986025100946426,
            1.0116356420516968,
            0.9064230245351791,
            0.8267799282073974,
            0.771196402311325,
            0.679167568385601,
            0.6099139466881752,
            0.5622031328082084,
            0.5368981426954269,
            0.49202320724725723,
            0.4772811636328697,
            0.45934856176376343,
            0.439352685213089,
            0.41987906068563463,
            0.40535794764757155,
            0.3839645472168922,
            0.37523874193429946,
            0.36956688940525056,
            0.3587897922098637,
            0.34995051369071006,
            0.34437178418040276,
            0.3409563586115837,
            0.3242500577867031,
            0.31663582637906074,
            0.31900554567575456,
            0.30583101958036424,
            0.294696873575449,
            0.2909128838777542,
            0.2984646452963352,
            0.2807363210618496,
            0.2733072540163994,
            0.26891279734671114,
            0.2665510655939579,
            0.2589210533350706,
            0.2651398166269064,
            0.25677774526178837,
            0.253795368373394,
            0.25797471836209296
        ],
        "acc": [
            0.45480000000000004,
            0.5619000000000001,
            0.6222,
            0.6504,
            0.683,
            0.7181000000000001,
            0.737,
            0.7721,
            0.7956000000000001,
            0.8136,
            0.8250000000000001,
            0.8407,
            0.8461000000000001,
            0.8518,
            0.8583000000000001,
            0.8623000000000001,
            0.8656,
            0.876,
            0.881,
            0.8818,
            0.8841,
            0.8903000000000001,
            0.8889,
            0.8945000000000001,
            0.8952,
            0.8989,
            0.8963000000000001,
            0.9007000000000001,
            0.906,
            0.9074000000000001,
            0.9035000000000001,
            0.9076000000000001,
            0.9119,
            0.9145000000000001,
            0.9175000000000001,
            0.92,
            0.9161,
            0.9205000000000001,
            0.9209,
            0.9202
        ]
    },
    "bast_acc": 0.9209
}