{
    "train": {
        "loss": [
            3.166958737373352,
            2.21341931194067,
            1.9584481078386307,
            1.806497612595558,
            1.6877728325128556,
            1.5979685896635056,
            1.524803036749363,
            1.4711093083024025,
            1.4339832025766373,
            1.4049712708592415
        ],
        "acc": [
            0.37605,
            0.502725,
            0.581375,
            0.6474500000000001,
            0.6943250000000001,
            0.730975,
            0.760325,
            0.7846000000000001,
            0.8013250000000001,
            0.812575
        ]
    },
    "valid": {
        "loss": [
            1.5172630107402802,
            1.2429446923732757,
            1.0967465931177138,
            0.9477385306358337,
            0.8431663537025451,
            0.762130144238472,
            0.706668546795845,
            0.6526635006070137,
            0.6193721941113473,
            0.6040166595578194
        ],
        "acc": [
            0.4501,
            0.5694,
            0.6292,
            0.6812,
            0.7150000000000001,
            0.7439,
            0.7635000000000001,
            0.7821,
            0.7949,
            0.798
        ]
    },
    "bast_acc": 0.798
}