{
    "train": {
        "loss": [
            5.307322373986244,
            4.099103280901909,
            3.1798285961151125,
            2.6677614212036134,
            2.2839760959148405,
            2.1733871415257453,
            2.1085551589727403,
            2.0350921258330343,
            2.0041634529829024,
            1.9137292847037315,
            1.8514002770185471,
            1.7333480954170226,
            1.6783300146460534,
            1.635905109345913,
            1.5666877329349518,
            1.8028118580579757,
            1.586082862317562,
            1.4522606119513513,
            1.4482864186167717,
            1.3220993153750897,
            1.3343030951917172,
            1.4715170383453369,
            1.2603672116994857,
            1.235218422114849,
            1.210485515743494,
            1.167346777766943,
            1.1450910471379756,
            1.107207303494215,
            1.1045209467411041,
            1.0410661801695824,
            1.0035930000245572,
            1.0217602752149104,
            0.9893804356455803,
            0.9809898652136326,
            0.9678370840847492,
            0.9573031336069107,
            0.9482202775776386,
            0.9390924416482449,
            0.9431987710297107,
            0.9345361806452275
        ],
        "acc": [
            0.3029,
            0.37512500000000004,
            0.41907500000000003,
            0.45085000000000003,
            0.492475,
            0.523525,
            0.5534250000000001,
            0.574825,
            0.5899,
            0.609075,
            0.62795,
            0.6485000000000001,
            0.665625,
            0.678825,
            0.69125,
            0.6872,
            0.711175,
            0.7237,
            0.7396750000000001,
            0.7479250000000001,
            0.7599250000000001,
            0.7507250000000001,
            0.7763,
            0.79135,
            0.792575,
            0.8063250000000001,
            0.8155,
            0.8265750000000001,
            0.836025,
            0.8427250000000001,
            0.852025,
            0.8597,
            0.867025,
            0.8732000000000001,
            0.879375,
            0.8833000000000001,
            0.8896000000000001,
            0.8898,
            0.8935500000000001,
            0.894575
        ]
    },
    "valid": {
        "loss": [
            1.8591831266880035,
            1.7420947909355164,
            1.6236877977848052,
            1.5203267991542817,
            1.3869791865348815,
            1.3008793354034425,
            1.2486198484897613,
            1.1967795014381408,
            1.1709721624851226,
            1.1197857916355134,
            1.0885433375835418,
            1.0377830743789673,
            1.017772775888443,
            0.9854551315307617,
            0.9491784989833831,
            0.9212966442108155,
            0.9035260021686554,
            0.8735231667757034,
            0.8638916432857513,
            0.8448707222938537,
            0.8243673324584961,
            0.7971698582172394,
            0.7947940915822983,
            0.7817272692918777,
            0.7575128853321076,
            0.7496039301156998,
            0.7408723920583725,
            0.7301183342933655,
            0.713246077299118,
            0.7033329904079437,
            0.6839540988206864,
            0.6859255522489548,
            0.6789370656013489,
            0.6771176874637603,
            0.6701343834400177,
            0.6650164693593978,
            0.6622788220643997,
            0.6649891883134842,
            0.6670122474431992,
            0.6585920423269271
        ],
        "acc": [
            0.32880000000000004,
            0.37560000000000004,
            0.4163,
            0.449,
            0.5048,
            0.5415,
            0.5606,
            0.5782,
            0.5857,
            0.6092000000000001,
            0.6151,
            0.6316,
            0.6401,
            0.6538,
            0.6681,
            0.6808000000000001,
            0.6836,
            0.6959000000000001,
            0.7004,
            0.7027,
            0.7129000000000001,
            0.7244,
            0.7241000000000001,
            0.7286,
            0.7399,
            0.739,
            0.7423000000000001,
            0.7483000000000001,
            0.753,
            0.7579,
            0.7633000000000001,
            0.7621,
            0.7662,
            0.764,
            0.7693,
            0.7675000000000001,
            0.7697,
            0.7714000000000001,
            0.769,
            0.7716000000000001
        ]
    },
    "bast_acc": 0.7716000000000001
}